dataset,setting,shots,seed,m0_miou_percent,m1_miou_percent,m2_miou_percent,m3_miou_percent,m1_minus_m0_pp,m2_minus_m0_pp,m3_minus_m2_pp,m3_minus_m0_pp
suim,adapter_200,1,3407,8.744662727989013,19.55308545804919,11.788908055480007,11.862616303410798,10.808422730060176,3.0442453274909944,0.07370824793079045,3.117953575421785
suim,adapter_200,2,3407,13.816287727430032,21.932717934471608,16.38837376895396,16.174846310211247,8.116430207041576,2.5720860415239297,-0.21352745874271406,2.3585585827812157
suim,adapter_200,5,3407,22.680865764266862,32.03432629220507,17.404740620810628,17.411220097303282,9.35346052793821,-5.276125143456234,0.006479476492653902,-5.26964566696358
suim,adapter_200,10,3407,19.029377880901023,27.02783000841042,25.056971885485492,24.81548590322389,7.998452127509395,6.0275940045844685,-0.2414859822616009,5.786108022322868
suim,adapter_2000,1,3407,24.0392968122929,27.238399382716516,25.055849193074476,25.04297110604862,3.199102570423616,1.016552380781576,-0.012878087025857354,1.0036742937557186
suim,adapter_2000,2,3407,35.28329054677748,35.64394998715551,34.30086380595526,33.97820782709437,0.3606594403780292,-0.9824267408222198,-0.3226559788608867,-1.3050827196831065
suim,adapter_2000,5,3407,42.70400089138968,42.54878717359879,41.09225493391662,41.14294488670252,-0.1552137177908932,-1.6117459574730617,0.05068995278590194,-1.5610560046871598
suim,adapter_2000,10,3407,49.66066260775067,49.83130186374504,49.9326116194234,49.79290726109196,0.17063925599436658,0.27194901167272434,-0.13970435833143569,0.13224465334128865
suim,semantic_head_200,1,3407,1.085315605644938,6.106523366322013,5.330100284540788,5.236901148550458,5.021207760677075,4.24478467889585,-0.09319913599033036,4.1515855429055195
suim,semantic_head_200,2,3407,1.0715970213589154,6.1379244754530005,5.17691160289353,5.065504039801878,5.066327454094085,4.105314581534615,-0.11140756309165223,3.993907018442963
suim,semantic_head_200,5,3407,1.1935691060819629,6.14017558066831,5.8172263675091695,5.676414850175196,4.946606474586347,4.623657261427207,-0.14081151733397324,4.482845744093233
suim,semantic_head_200,10,3407,1.2450357796843892,6.164488023110208,5.475844332916922,5.292393897245023,4.91945224342582,4.230808553232533,-0.18345043567189911,4.047358117560634
suim,semantic_head_2000,1,3407,7.700515575503203,15.478268883258744,10.677266298075532,10.425471721404456,7.777753307755542,2.976750722572329,-0.25179457667107563,2.7249561459012535
suim,semantic_head_2000,2,3407,16.69727141621346,20.113050174170922,12.820602932043196,12.40019149638555,3.4157787579574617,-3.876668484170265,-0.4204114356576447,-4.29707991982791
suim,semantic_head_2000,5,3407,19.717412408946057,22.687921621131533,18.76124429820125,18.684883759351454,2.970509212185476,-0.9561681107448052,-0.07636053884979788,-1.032528649594603
suim,semantic_head_2000,10,3407,18.791303115033276,20.727045541580484,19.379714801519672,19.06448933999955,1.9357424265472076,0.5884116864863955,-0.31522546152012154,0.273186224966274
loveda,adapter_200,1,3407,53.60989366822794,53.634928095787274,53.32759017532612,53.30492998833202,0.025034427559333494,-0.2823034929018178,-0.022660186994102105,-0.3049636798959199
loveda,adapter_200,2,3407,52.06845766981713,52.080047488906644,52.2721318598722,52.257463476147535,0.011589819089515174,0.20367419005506804,-0.014668383724661282,0.18900580633040676
loveda,adapter_200,5,3407,53.21802126122397,53.226626396102205,53.40832911829311,53.437386342181235,0.008605134878237664,0.19030785706914344,0.02905722388812393,0.21936508095726737
loveda,adapter_200,10,3407,54.245034524979154,54.25621418531769,54.45529283374909,54.47183611005973,0.011179660338534347,0.21025830876993723,0.01654327631064234,0.22680158508057957
loveda,adapter_2000,1,3407,50.96527156838003,50.97525448091231,50.20119682959837,50.2826536812372,0.009982912532279897,-0.7640747387816589,0.08145685163882632,-0.6826178871428326
loveda,adapter_2000,2,3407,52.259185500609505,52.26720127302222,52.524297937979355,52.425475763848574,0.008015772412719002,0.2651124373698508,-0.09882217413078109,0.1662902632390697
loveda,adapter_2000,5,3407,53.56316945263342,53.552967058359826,53.707031609173086,53.651047706592834,-0.010202394273591153,0.14386215653966872,-0.055983902580251765,0.08787825395941695
loveda,adapter_2000,10,3407,55.91669425797385,55.928565883440584,56.03661063860034,56.01839062983333,0.011871625466731928,0.11991638062648491,-0.018220008767009688,0.10169637185947522
loveda,semantic_head_200,1,3407,53.559536664210924,53.56938638387946,53.1727312642432,53.198835204995945,0.009849719668537205,-0.3868053999677272,0.02610394075274769,-0.36070145921497954
loveda,semantic_head_200,2,3407,53.52137397587455,53.53088665879765,53.16042507126832,53.1901577996332,0.009512682923094928,-0.3609489046062322,0.029732728364876948,-0.33121617624135524
loveda,semantic_head_200,5,3407,53.51472476525253,53.52394471441081,53.16774108049024,53.19777042432422,0.00921994915827895,-0.3469836847622929,0.030029343833980704,-0.3169543409283122
loveda,semantic_head_200,10,3407,53.5722155283115,53.57948399837479,53.20858710485648,53.23784353347046,0.00726847006328768,-0.363628423455026,0.029256428613983587,-0.3343719948410424
loveda,semantic_head_2000,1,3407,54.20249567184803,54.206359085800194,53.956427122303985,53.9609320809541,0.0038634139521676047,-0.24606854954404156,0.004504958650116464,-0.2415635908939251
loveda,semantic_head_2000,2,3407,53.5227898536237,53.52700469345192,53.455709956277495,53.48499174084959,0.004214839828222239,-0.06707989734620412,0.02928178457209185,-0.03779811277411227
loveda,semantic_head_2000,5,3407,53.97359961652214,53.977622176781225,53.74080652843123,53.76887990061564,0.004022560259087982,-0.23279308809090793,0.02807337218440864,-0.2047197159064993
loveda,semantic_head_2000,10,3407,54.18770204417467,54.19091852659478,53.99135476845607,54.01783226906011,0.003216482420107525,-0.1963472757186011,0.026477500604038084,-0.16986977511456303
