dataset,variant,setting,shots,seed,class_name,iou_percent
suim,m0,adapter_200,1,3407,BW_background_waterbody,0.10217902888987873
suim,m0,adapter_200,1,3407,HD_human_divers,4.90386560268576
suim,m0,adapter_200,1,3407,PF_plants_seagrass,0.06621981127353786
suim,m0,adapter_200,1,3407,WR_wrecks_ruins,8.004174053164169
suim,m0,adapter_200,1,3407,RO_robots_instruments,2.3402093832480872
suim,m0,adapter_200,1,3407,RI_reefs_invertebrates,25.630720918684297
suim,m0,adapter_200,1,3407,FV_fish_vertebrates,20.812310382309583
suim,m0,adapter_200,1,3407,SR_sand_seafloor_rocks,8.097622643656797
suim,m0,adapter_200,2,3407,BW_background_waterbody,33.095031979161114
suim,m0,adapter_200,2,3407,HD_human_divers,16.88847947776624
suim,m0,adapter_200,2,3407,PF_plants_seagrass,4.668027135890402
suim,m0,adapter_200,2,3407,WR_wrecks_ruins,8.104109430601627
suim,m0,adapter_200,2,3407,RO_robots_instruments,5.871213261379029
suim,m0,adapter_200,2,3407,RI_reefs_invertebrates,10.692381038382646
suim,m0,adapter_200,2,3407,FV_fish_vertebrates,29.10610779243516
suim,m0,adapter_200,2,3407,SR_sand_seafloor_rocks,2.10495170382403
suim,m0,adapter_200,5,3407,BW_background_waterbody,60.1620568743233
suim,m0,adapter_200,5,3407,HD_human_divers,26.730118510684424
suim,m0,adapter_200,5,3407,PF_plants_seagrass,2.5858218303313363
suim,m0,adapter_200,5,3407,WR_wrecks_ruins,9.934475409664188
suim,m0,adapter_200,5,3407,RO_robots_instruments,6.832052190033726
suim,m0,adapter_200,5,3407,RI_reefs_invertebrates,40.856375532359884
suim,m0,adapter_200,5,3407,FV_fish_vertebrates,24.385656120653525
suim,m0,adapter_200,5,3407,SR_sand_seafloor_rocks,9.960369646084482
suim,m0,adapter_200,10,3407,BW_background_waterbody,68.82137575386388
suim,m0,adapter_200,10,3407,HD_human_divers,24.72913280531727
suim,m0,adapter_200,10,3407,PF_plants_seagrass,6.341735063487464
suim,m0,adapter_200,10,3407,WR_wrecks_ruins,7.594975258730602
suim,m0,adapter_200,10,3407,RO_robots_instruments,10.44674271523927
suim,m0,adapter_200,10,3407,RI_reefs_invertebrates,7.563130384959848
suim,m0,adapter_200,10,3407,FV_fish_vertebrates,25.65616005001382
suim,m0,adapter_200,10,3407,SR_sand_seafloor_rocks,1.081771015596049
suim,m0,adapter_2000,1,3407,BW_background_waterbody,52.19681628230113
suim,m0,adapter_2000,1,3407,HD_human_divers,12.923484427735293
suim,m0,adapter_2000,1,3407,PF_plants_seagrass,2.2417615985421837
suim,m0,adapter_2000,1,3407,WR_wrecks_ruins,19.030507455106832
suim,m0,adapter_2000,1,3407,RO_robots_instruments,10.100775993919662
suim,m0,adapter_2000,1,3407,RI_reefs_invertebrates,33.66108061324898
suim,m0,adapter_2000,1,3407,FV_fish_vertebrates,42.15845502042566
suim,m0,adapter_2000,1,3407,SR_sand_seafloor_rocks,20.001493107063453
suim,m0,adapter_2000,2,3407,BW_background_waterbody,67.83898790198678
suim,m0,adapter_2000,2,3407,HD_human_divers,26.393030830836338
suim,m0,adapter_2000,2,3407,PF_plants_seagrass,14.275164932117676
suim,m0,adapter_2000,2,3407,WR_wrecks_ruins,29.785357071237566
suim,m0,adapter_2000,2,3407,RO_robots_instruments,30.46242873801075
suim,m0,adapter_2000,2,3407,RI_reefs_invertebrates,44.09131267641991
suim,m0,adapter_2000,2,3407,FV_fish_vertebrates,51.91439535935803
suim,m0,adapter_2000,2,3407,SR_sand_seafloor_rocks,17.505646864252753
suim,m0,adapter_2000,5,3407,BW_background_waterbody,74.9871332322375
suim,m0,adapter_2000,5,3407,HD_human_divers,42.03619325747799
suim,m0,adapter_2000,5,3407,PF_plants_seagrass,21.556837676824898
suim,m0,adapter_2000,5,3407,WR_wrecks_ruins,42.455584783578956
suim,m0,adapter_2000,5,3407,RO_robots_instruments,27.258688489864902
suim,m0,adapter_2000,5,3407,RI_reefs_invertebrates,52.56889304897213
suim,m0,adapter_2000,5,3407,FV_fish_vertebrates,53.48200806265322
suim,m0,adapter_2000,5,3407,SR_sand_seafloor_rocks,27.28666857950788
suim,m0,adapter_2000,10,3407,BW_background_waterbody,81.04116428763642
suim,m0,adapter_2000,10,3407,HD_human_divers,52.68255581539154
suim,m0,adapter_2000,10,3407,PF_plants_seagrass,24.159933900421887
suim,m0,adapter_2000,10,3407,WR_wrecks_ruins,47.14986481431702
suim,m0,adapter_2000,10,3407,RO_robots_instruments,33.867031066105326
suim,m0,adapter_2000,10,3407,RI_reefs_invertebrates,55.599271562289445
suim,m0,adapter_2000,10,3407,FV_fish_vertebrates,63.826553623834116
suim,m0,adapter_2000,10,3407,SR_sand_seafloor_rocks,38.958925792009644
suim,m0,semantic_head_200,1,3407,BW_background_waterbody,0.3407648062517509
suim,m0,semantic_head_200,1,3407,HD_human_divers,1.25843570378661
suim,m0,semantic_head_200,1,3407,PF_plants_seagrass,0.20872699640374412
suim,m0,semantic_head_200,1,3407,WR_wrecks_ruins,1.7555839683172911
suim,m0,semantic_head_200,1,3407,RO_robots_instruments,1.107883055342389
suim,m0,semantic_head_200,1,3407,RI_reefs_invertebrates,0.11361526192416767
suim,m0,semantic_head_200,1,3407,FV_fish_vertebrates,0.3543147782144898
suim,m0,semantic_head_200,1,3407,SR_sand_seafloor_rocks,3.5432002749190614
suim,m0,semantic_head_200,2,3407,BW_background_waterbody,0.556824960654099
suim,m0,semantic_head_200,2,3407,HD_human_divers,1.711775604963576
suim,m0,semantic_head_200,2,3407,PF_plants_seagrass,0.22833512073907294
suim,m0,semantic_head_200,2,3407,WR_wrecks_ruins,1.7931417513004613
suim,m0,semantic_head_200,2,3407,RO_robots_instruments,1.1035757011165808
suim,m0,semantic_head_200,2,3407,RI_reefs_invertebrates,0.05923146221238831
suim,m0,semantic_head_200,2,3407,FV_fish_vertebrates,0.2830821434568639
suim,m0,semantic_head_200,2,3407,SR_sand_seafloor_rocks,2.8368094264282826
suim,m0,semantic_head_200,5,3407,BW_background_waterbody,0.5622389714045796
suim,m0,semantic_head_200,5,3407,HD_human_divers,1.9915515723899628
suim,m0,semantic_head_200,5,3407,PF_plants_seagrass,0.25739704253688706
suim,m0,semantic_head_200,5,3407,WR_wrecks_ruins,1.8137692679776676
suim,m0,semantic_head_200,5,3407,RO_robots_instruments,1.1352543464545894
suim,m0,semantic_head_200,5,3407,RI_reefs_invertebrates,0.094789093667115
suim,m0,semantic_head_200,5,3407,FV_fish_vertebrates,0.22700310313012387
suim,m0,semantic_head_200,5,3407,SR_sand_seafloor_rocks,3.4665494510947776
suim,m0,semantic_head_200,10,3407,BW_background_waterbody,0.9321179225347704
suim,m0,semantic_head_200,10,3407,HD_human_divers,2.4035187531786875
suim,m0,semantic_head_200,10,3407,PF_plants_seagrass,0.2735606469841608
suim,m0,semantic_head_200,10,3407,WR_wrecks_ruins,1.8590952432082801
suim,m0,semantic_head_200,10,3407,RO_robots_instruments,1.1141561362273744
suim,m0,semantic_head_200,10,3407,RI_reefs_invertebrates,0.06921626821650198
suim,m0,semantic_head_200,10,3407,FV_fish_vertebrates,0.4512696957750079
suim,m0,semantic_head_200,10,3407,SR_sand_seafloor_rocks,2.8573515713503306
suim,m0,semantic_head_2000,1,3407,BW_background_waterbody,7.597028754379043
suim,m0,semantic_head_2000,1,3407,HD_human_divers,1.5373308544191489
suim,m0,semantic_head_2000,1,3407,PF_plants_seagrass,6.6460053323337345
suim,m0,semantic_head_2000,1,3407,WR_wrecks_ruins,5.363060882416415
suim,m0,semantic_head_2000,1,3407,RO_robots_instruments,1.8397184980033696
suim,m0,semantic_head_2000,1,3407,RI_reefs_invertebrates,22.313200010841477
suim,m0,semantic_head_2000,1,3407,FV_fish_vertebrates,13.08076621199244
suim,m0,semantic_head_2000,1,3407,SR_sand_seafloor_rocks,3.227014059640006
suim,m0,semantic_head_2000,2,3407,BW_background_waterbody,54.92289172665203
suim,m0,semantic_head_2000,2,3407,HD_human_divers,12.03661095941619
suim,m0,semantic_head_2000,2,3407,PF_plants_seagrass,11.367892448252922
suim,m0,semantic_head_2000,2,3407,WR_wrecks_ruins,3.877630104286049
suim,m0,semantic_head_2000,2,3407,RO_robots_instruments,1.1986374006936333
suim,m0,semantic_head_2000,2,3407,RI_reefs_invertebrates,32.45692256777275
suim,m0,semantic_head_2000,2,3407,FV_fish_vertebrates,14.727071507172859
suim,m0,semantic_head_2000,2,3407,SR_sand_seafloor_rocks,2.990514615461241
suim,m0,semantic_head_2000,5,3407,BW_background_waterbody,66.84964987547454
suim,m0,semantic_head_2000,5,3407,HD_human_divers,18.463508225989212
suim,m0,semantic_head_2000,5,3407,PF_plants_seagrass,0.6265147740060045
suim,m0,semantic_head_2000,5,3407,WR_wrecks_ruins,6.713469609361804
suim,m0,semantic_head_2000,5,3407,RO_robots_instruments,2.2728915169685076
suim,m0,semantic_head_2000,5,3407,RI_reefs_invertebrates,45.616149442603195
suim,m0,semantic_head_2000,5,3407,FV_fish_vertebrates,15.804434290427066
suim,m0,semantic_head_2000,5,3407,SR_sand_seafloor_rocks,1.3926815367381205
suim,m0,semantic_head_2000,10,3407,BW_background_waterbody,67.4329977727276
suim,m0,semantic_head_2000,10,3407,HD_human_divers,20.33774771021861
suim,m0,semantic_head_2000,10,3407,PF_plants_seagrass,6.524548630625395
suim,m0,semantic_head_2000,10,3407,WR_wrecks_ruins,1.393509436799313
suim,m0,semantic_head_2000,10,3407,RO_robots_instruments,1.971980699960271
suim,m0,semantic_head_2000,10,3407,RI_reefs_invertebrates,37.737955474094335
suim,m0,semantic_head_2000,10,3407,FV_fish_vertebrates,13.549264624353189
suim,m0,semantic_head_2000,10,3407,SR_sand_seafloor_rocks,1.38242057148748
suim,m1,adapter_200,1,3407,BW_background_waterbody,59.353700839549994
suim,m1,adapter_200,1,3407,HD_human_divers,0.7494364176216807
suim,m1,adapter_200,1,3407,PF_plants_seagrass,14.86032379760182
suim,m1,adapter_200,1,3407,WR_wrecks_ruins,14.293286202147165
suim,m1,adapter_200,1,3407,RO_robots_instruments,8.0788868710331
suim,m1,adapter_200,1,3407,RI_reefs_invertebrates,25.926910383808394
suim,m1,adapter_200,1,3407,FV_fish_vertebrates,26.52780912499483
suim,m1,adapter_200,1,3407,SR_sand_seafloor_rocks,6.634330027636547
suim,m1,adapter_200,2,3407,BW_background_waterbody,63.63281046830155
suim,m1,adapter_200,2,3407,HD_human_divers,4.15608928780326
suim,m1,adapter_200,2,3407,PF_plants_seagrass,16.25541161513341
suim,m1,adapter_200,2,3407,WR_wrecks_ruins,19.533045197143878
suim,m1,adapter_200,2,3407,RO_robots_instruments,10.7201181564796
suim,m1,adapter_200,2,3407,RI_reefs_invertebrates,26.733190868819534
suim,m1,adapter_200,2,3407,FV_fish_vertebrates,28.058693506416905
suim,m1,adapter_200,2,3407,SR_sand_seafloor_rocks,6.372384375674716
suim,m1,adapter_200,5,3407,BW_background_waterbody,69.30861663841051
suim,m1,adapter_200,5,3407,HD_human_divers,16.546886804499263
suim,m1,adapter_200,5,3407,PF_plants_seagrass,23.846726761120284
suim,m1,adapter_200,5,3407,WR_wrecks_ruins,32.56908546469454
suim,m1,adapter_200,5,3407,RO_robots_instruments,14.668457388383585
suim,m1,adapter_200,5,3407,RI_reefs_invertebrates,44.50038157942751
suim,m1,adapter_200,5,3407,FV_fish_vertebrates,32.31465382859398
suim,m1,adapter_200,5,3407,SR_sand_seafloor_rocks,22.519801872510932
suim,m1,adapter_200,10,3407,BW_background_waterbody,73.24794820200769
suim,m1,adapter_200,10,3407,HD_human_divers,18.300356415581902
suim,m1,adapter_200,10,3407,PF_plants_seagrass,17.484670367325403
suim,m1,adapter_200,10,3407,WR_wrecks_ruins,29.200289771862643
suim,m1,adapter_200,10,3407,RO_robots_instruments,11.509615348647568
suim,m1,adapter_200,10,3407,RI_reefs_invertebrates,32.13274699292551
suim,m1,adapter_200,10,3407,FV_fish_vertebrates,31.775417946248975
suim,m1,adapter_200,10,3407,SR_sand_seafloor_rocks,2.571595022683658
suim,m1,adapter_2000,1,3407,BW_background_waterbody,65.3480900602186
suim,m1,adapter_2000,1,3407,HD_human_divers,5.284389532200144
suim,m1,adapter_2000,1,3407,PF_plants_seagrass,10.42390213841496
suim,m1,adapter_2000,1,3407,WR_wrecks_ruins,26.219999004597263
suim,m1,adapter_2000,1,3407,RO_robots_instruments,8.579201461490097
suim,m1,adapter_2000,1,3407,RI_reefs_invertebrates,40.665858149656145
suim,m1,adapter_2000,1,3407,FV_fish_vertebrates,43.274430413109336
suim,m1,adapter_2000,1,3407,SR_sand_seafloor_rocks,18.111324302045624
suim,m1,adapter_2000,2,3407,BW_background_waterbody,71.14490818503741
suim,m1,adapter_2000,2,3407,HD_human_divers,26.955346794612883
suim,m1,adapter_2000,2,3407,PF_plants_seagrass,18.310689913540113
suim,m1,adapter_2000,2,3407,WR_wrecks_ruins,37.34226390366089
suim,m1,adapter_2000,2,3407,RO_robots_instruments,19.27976018916333
suim,m1,adapter_2000,2,3407,RI_reefs_invertebrates,45.91538753283043
suim,m1,adapter_2000,2,3407,FV_fish_vertebrates,48.05686812788071
suim,m1,adapter_2000,2,3407,SR_sand_seafloor_rocks,18.146375250518286
suim,m1,adapter_2000,5,3407,BW_background_waterbody,74.1234562870205
suim,m1,adapter_2000,5,3407,HD_human_divers,46.13970256696728
suim,m1,adapter_2000,5,3407,PF_plants_seagrass,12.160464478229455
suim,m1,adapter_2000,5,3407,WR_wrecks_ruins,46.541706657846376
suim,m1,adapter_2000,5,3407,RO_robots_instruments,29.458824881140206
suim,m1,adapter_2000,5,3407,RI_reefs_invertebrates,53.25350889109585
suim,m1,adapter_2000,5,3407,FV_fish_vertebrates,53.89657027560173
suim,m1,adapter_2000,5,3407,SR_sand_seafloor_rocks,24.81606335088892
suim,m1,adapter_2000,10,3407,BW_background_waterbody,80.60748543469518
suim,m1,adapter_2000,10,3407,HD_human_divers,52.98569646480704
suim,m1,adapter_2000,10,3407,PF_plants_seagrass,24.93472374082522
suim,m1,adapter_2000,10,3407,WR_wrecks_ruins,48.62242179507392
suim,m1,adapter_2000,10,3407,RO_robots_instruments,31.85200949285456
suim,m1,adapter_2000,10,3407,RI_reefs_invertebrates,55.968561208618674
suim,m1,adapter_2000,10,3407,FV_fish_vertebrates,64.46944941539363
suim,m1,adapter_2000,10,3407,SR_sand_seafloor_rocks,39.21006735769209
suim,m1,semantic_head_200,1,3407,BW_background_waterbody,1.426047568331183
suim,m1,semantic_head_200,1,3407,HD_human_divers,0.0039742749031590995
suim,m1,semantic_head_200,1,3407,PF_plants_seagrass,14.19717080359002
suim,m1,semantic_head_200,1,3407,WR_wrecks_ruins,3.0638146845319585
suim,m1,semantic_head_200,1,3407,RO_robots_instruments,1.002727594753628
suim,m1,semantic_head_200,1,3407,RI_reefs_invertebrates,16.322715181571304
suim,m1,semantic_head_200,1,3407,FV_fish_vertebrates,6.475736209696469
suim,m1,semantic_head_200,1,3407,SR_sand_seafloor_rocks,6.360000613198377
suim,m1,semantic_head_200,2,3407,BW_background_waterbody,2.358990007139898
suim,m1,semantic_head_200,2,3407,HD_human_divers,0.003709761508707009
suim,m1,semantic_head_200,2,3407,PF_plants_seagrass,13.520499342766806
suim,m1,semantic_head_200,2,3407,WR_wrecks_ruins,3.4462478983889793
suim,m1,semantic_head_200,2,3407,RO_robots_instruments,1.081575811972058
suim,m1,semantic_head_200,2,3407,RI_reefs_invertebrates,15.502063647420536
suim,m1,semantic_head_200,2,3407,FV_fish_vertebrates,6.565972684831463
suim,m1,semantic_head_200,2,3407,SR_sand_seafloor_rocks,6.6243366495955565
suim,m1,semantic_head_200,5,3407,BW_background_waterbody,2.466000354214154
suim,m1,semantic_head_200,5,3407,HD_human_divers,0.007186333045000949
suim,m1,semantic_head_200,5,3407,PF_plants_seagrass,13.831757554751084
suim,m1,semantic_head_200,5,3407,WR_wrecks_ruins,3.993240179271984
suim,m1,semantic_head_200,5,3407,RO_robots_instruments,1.2110817333685355
suim,m1,semantic_head_200,5,3407,RI_reefs_invertebrates,15.77344195452832
suim,m1,semantic_head_200,5,3407,FV_fish_vertebrates,5.391025887551599
suim,m1,semantic_head_200,5,3407,SR_sand_seafloor_rocks,6.447670648615807
suim,m1,semantic_head_200,10,3407,BW_background_waterbody,4.765885749125529
suim,m1,semantic_head_200,10,3407,HD_human_divers,0.05084421371582273
suim,m1,semantic_head_200,10,3407,PF_plants_seagrass,12.67828101033888
suim,m1,semantic_head_200,10,3407,WR_wrecks_ruins,3.7090512582380732
suim,m1,semantic_head_200,10,3407,RO_robots_instruments,0.9914001234665999
suim,m1,semantic_head_200,10,3407,RI_reefs_invertebrates,14.629110977455301
suim,m1,semantic_head_200,10,3407,FV_fish_vertebrates,6.472704091569974
suim,m1,semantic_head_200,10,3407,SR_sand_seafloor_rocks,6.018626760971489
suim,m1,semantic_head_2000,1,3407,BW_background_waterbody,44.85011832611833
suim,m1,semantic_head_2000,1,3407,HD_human_divers,1.039575470741243
suim,m1,semantic_head_2000,1,3407,PF_plants_seagrass,14.398266916072314
suim,m1,semantic_head_2000,1,3407,WR_wrecks_ruins,11.695985756518755
suim,m1,semantic_head_2000,1,3407,RO_robots_instruments,5.81309747282772
suim,m1,semantic_head_2000,1,3407,RI_reefs_invertebrates,22.14222692035433
suim,m1,semantic_head_2000,1,3407,FV_fish_vertebrates,18.852909462679875
suim,m1,semantic_head_2000,1,3407,SR_sand_seafloor_rocks,5.033970740757388
suim,m1,semantic_head_2000,2,3407,BW_background_waterbody,60.79336807838433
suim,m1,semantic_head_2000,2,3407,HD_human_divers,6.120179074057862
suim,m1,semantic_head_2000,2,3407,PF_plants_seagrass,15.189727653751211
suim,m1,semantic_head_2000,2,3407,WR_wrecks_ruins,12.126241487294761
suim,m1,semantic_head_2000,2,3407,RO_robots_instruments,2.553142308942298
suim,m1,semantic_head_2000,2,3407,RI_reefs_invertebrates,23.744038873639173
suim,m1,semantic_head_2000,2,3407,FV_fish_vertebrates,22.63746726002924
suim,m1,semantic_head_2000,2,3407,SR_sand_seafloor_rocks,17.740236657268493
suim,m1,semantic_head_2000,5,3407,BW_background_waterbody,68.97495513322409
suim,m1,semantic_head_2000,5,3407,HD_human_divers,7.701111994101314
suim,m1,semantic_head_2000,5,3407,PF_plants_seagrass,16.317400528349683
suim,m1,semantic_head_2000,5,3407,WR_wrecks_ruins,15.968038660364245
suim,m1,semantic_head_2000,5,3407,RO_robots_instruments,7.764204259246621
suim,m1,semantic_head_2000,5,3407,RI_reefs_invertebrates,29.10427655067514
suim,m1,semantic_head_2000,5,3407,FV_fish_vertebrates,24.45447853067951
suim,m1,semantic_head_2000,5,3407,SR_sand_seafloor_rocks,11.218907312411641
suim,m1,semantic_head_2000,10,3407,BW_background_waterbody,70.0285505669724
suim,m1,semantic_head_2000,10,3407,HD_human_divers,10.942850720999973
suim,m1,semantic_head_2000,10,3407,PF_plants_seagrass,13.670335353101843
suim,m1,semantic_head_2000,10,3407,WR_wrecks_ruins,11.750372053724186
suim,m1,semantic_head_2000,10,3407,RO_robots_instruments,4.784380960837988
suim,m1,semantic_head_2000,10,3407,RI_reefs_invertebrates,22.63137633835465
suim,m1,semantic_head_2000,10,3407,FV_fish_vertebrates,21.40535681056909
suim,m1,semantic_head_2000,10,3407,SR_sand_seafloor_rocks,10.603141528083736
suim,m2,adapter_200,1,3407,BW_background_waterbody,17.386874688880052
suim,m2,adapter_200,1,3407,HD_human_divers,2.339001527481937
suim,m2,adapter_200,1,3407,PF_plants_seagrass,0.2838230856129537
suim,m2,adapter_200,1,3407,WR_wrecks_ruins,12.499440864140343
suim,m2,adapter_200,1,3407,RO_robots_instruments,3.6633610101245835
suim,m2,adapter_200,1,3407,RI_reefs_invertebrates,30.823800022482168
suim,m2,adapter_200,1,3407,FV_fish_vertebrates,10.249765553269734
suim,m2,adapter_200,1,3407,SR_sand_seafloor_rocks,17.065197691848294
suim,m2,adapter_200,2,3407,BW_background_waterbody,41.41949032079541
suim,m2,adapter_200,2,3407,HD_human_divers,12.222528781040157
suim,m2,adapter_200,2,3407,PF_plants_seagrass,9.024540312176587
suim,m2,adapter_200,2,3407,WR_wrecks_ruins,18.475855477256122
suim,m2,adapter_200,2,3407,RO_robots_instruments,3.5061135006656095
suim,m2,adapter_200,2,3407,RI_reefs_invertebrates,15.71787561664227
suim,m2,adapter_200,2,3407,FV_fish_vertebrates,19.838500405609484
suim,m2,adapter_200,2,3407,SR_sand_seafloor_rocks,10.902085737446065
suim,m2,adapter_200,5,3407,BW_background_waterbody,39.222599975434605
suim,m2,adapter_200,5,3407,HD_human_divers,14.99589216731742
suim,m2,adapter_200,5,3407,PF_plants_seagrass,5.160844647216221
suim,m2,adapter_200,5,3407,WR_wrecks_ruins,20.078320916602653
suim,m2,adapter_200,5,3407,RO_robots_instruments,3.599933413309739
suim,m2,adapter_200,5,3407,RI_reefs_invertebrates,38.297281631745484
suim,m2,adapter_200,5,3407,FV_fish_vertebrates,8.702967263200073
suim,m2,adapter_200,5,3407,SR_sand_seafloor_rocks,9.180084951658834
suim,m2,adapter_200,10,3407,BW_background_waterbody,62.93586704690403
suim,m2,adapter_200,10,3407,HD_human_divers,25.181890146067797
suim,m2,adapter_200,10,3407,PF_plants_seagrass,13.015320814003328
suim,m2,adapter_200,10,3407,WR_wrecks_ruins,24.433396434751316
suim,m2,adapter_200,10,3407,RO_robots_instruments,10.798367264153336
suim,m2,adapter_200,10,3407,RI_reefs_invertebrates,31.726769930045585
suim,m2,adapter_200,10,3407,FV_fish_vertebrates,25.884205106836422
suim,m2,adapter_200,10,3407,SR_sand_seafloor_rocks,6.479958341122119
suim,m2,adapter_2000,1,3407,BW_background_waterbody,65.09191685075075
suim,m2,adapter_2000,1,3407,HD_human_divers,5.400525139328759
suim,m2,adapter_2000,1,3407,PF_plants_seagrass,2.547809488119357
suim,m2,adapter_2000,1,3407,WR_wrecks_ruins,24.370048855298243
suim,m2,adapter_2000,1,3407,RO_robots_instruments,4.777336609731439
suim,m2,adapter_2000,1,3407,RI_reefs_invertebrates,37.48920445443228
suim,m2,adapter_2000,1,3407,FV_fish_vertebrates,37.65363881171774
suim,m2,adapter_2000,1,3407,SR_sand_seafloor_rocks,23.116313335217203
suim,m2,adapter_2000,2,3407,BW_background_waterbody,70.68631166638558
suim,m2,adapter_2000,2,3407,HD_human_divers,28.773405408910964
suim,m2,adapter_2000,2,3407,PF_plants_seagrass,17.070276050119634
suim,m2,adapter_2000,2,3407,WR_wrecks_ruins,25.850302124567687
suim,m2,adapter_2000,2,3407,RO_robots_instruments,16.110880007616068
suim,m2,adapter_2000,2,3407,RI_reefs_invertebrates,46.47818441764333
suim,m2,adapter_2000,2,3407,FV_fish_vertebrates,44.996706897424545
suim,m2,adapter_2000,2,3407,SR_sand_seafloor_rocks,24.440843874974227
suim,m2,adapter_2000,5,3407,BW_background_waterbody,74.84091390502037
suim,m2,adapter_2000,5,3407,HD_human_divers,43.77179468969825
suim,m2,adapter_2000,5,3407,PF_plants_seagrass,11.431807075650982
suim,m2,adapter_2000,5,3407,WR_wrecks_ruins,39.22719923865521
suim,m2,adapter_2000,5,3407,RO_robots_instruments,23.5106367874299
suim,m2,adapter_2000,5,3407,RI_reefs_invertebrates,52.83253409730101
suim,m2,adapter_2000,5,3407,FV_fish_vertebrates,54.02321937894187
suim,m2,adapter_2000,5,3407,SR_sand_seafloor_rocks,29.09993429863539
suim,m2,adapter_2000,10,3407,BW_background_waterbody,79.88746929889628
suim,m2,adapter_2000,10,3407,HD_human_divers,53.97941680960548
suim,m2,adapter_2000,10,3407,PF_plants_seagrass,22.23039819953938
suim,m2,adapter_2000,10,3407,WR_wrecks_ruins,41.69679277935078
suim,m2,adapter_2000,10,3407,RO_robots_instruments,38.48473668408812
suim,m2,adapter_2000,10,3407,RI_reefs_invertebrates,57.95161061398603
suim,m2,adapter_2000,10,3407,FV_fish_vertebrates,63.10796728601058
suim,m2,adapter_2000,10,3407,SR_sand_seafloor_rocks,42.12250128391047
suim,m2,semantic_head_200,1,3407,BW_background_waterbody,2.9321287722055045
suim,m2,semantic_head_200,1,3407,HD_human_divers,0.5646750005601507
suim,m2,semantic_head_200,1,3407,PF_plants_seagrass,1.3529411667386617
suim,m2,semantic_head_200,1,3407,WR_wrecks_ruins,13.490041350479201
suim,m2,semantic_head_200,1,3407,RO_robots_instruments,1.3378511339931711
suim,m2,semantic_head_200,1,3407,RI_reefs_invertebrates,16.711587741583497
suim,m2,semantic_head_200,1,3407,FV_fish_vertebrates,1.9171569676881168
suim,m2,semantic_head_200,1,3407,SR_sand_seafloor_rocks,4.334420143078008
suim,m2,semantic_head_200,2,3407,BW_background_waterbody,3.567244559273756
suim,m2,semantic_head_200,2,3407,HD_human_divers,0.6339295090800415
suim,m2,semantic_head_200,2,3407,PF_plants_seagrass,1.662678196247917
suim,m2,semantic_head_200,2,3407,WR_wrecks_ruins,13.928309579464537
suim,m2,semantic_head_200,2,3407,RO_robots_instruments,1.3508671980077647
suim,m2,semantic_head_200,2,3407,RI_reefs_invertebrates,14.181833708416065
suim,m2,semantic_head_200,2,3407,FV_fish_vertebrates,2.085311920529191
suim,m2,semantic_head_200,2,3407,SR_sand_seafloor_rocks,4.005118152128972
suim,m2,semantic_head_200,5,3407,BW_background_waterbody,3.5033520423932507
suim,m2,semantic_head_200,5,3407,HD_human_divers,0.9144283116505841
suim,m2,semantic_head_200,5,3407,PF_plants_seagrass,1.4383766682675432
suim,m2,semantic_head_200,5,3407,WR_wrecks_ruins,14.09546757546431
suim,m2,semantic_head_200,5,3407,RO_robots_instruments,1.3327999020976726
suim,m2,semantic_head_200,5,3407,RI_reefs_invertebrates,19.03293035692248
suim,m2,semantic_head_200,5,3407,FV_fish_vertebrates,2.1032600053785067
suim,m2,semantic_head_200,5,3407,SR_sand_seafloor_rocks,4.1171960778990035
suim,m2,semantic_head_200,10,3407,BW_background_waterbody,4.849644959932547
suim,m2,semantic_head_200,10,3407,HD_human_divers,1.038246778172652
suim,m2,semantic_head_200,10,3407,PF_plants_seagrass,1.395079512632811
suim,m2,semantic_head_200,10,3407,WR_wrecks_ruins,13.90023833138915
suim,m2,semantic_head_200,10,3407,RO_robots_instruments,1.4668256875351453
suim,m2,semantic_head_200,10,3407,RI_reefs_invertebrates,15.113591500322071
suim,m2,semantic_head_200,10,3407,FV_fish_vertebrates,2.226828253192515
suim,m2,semantic_head_200,10,3407,SR_sand_seafloor_rocks,3.816299640158484
suim,m2,semantic_head_2000,1,3407,BW_background_waterbody,19.748297485686848
suim,m2,semantic_head_2000,1,3407,HD_human_divers,0.815594765122673
suim,m2,semantic_head_2000,1,3407,PF_plants_seagrass,6.475903287425528
suim,m2,semantic_head_2000,1,3407,WR_wrecks_ruins,10.509125292003166
suim,m2,semantic_head_2000,1,3407,RO_robots_instruments,0.6831449509377717
suim,m2,semantic_head_2000,1,3407,RI_reefs_invertebrates,27.048841572488215
suim,m2,semantic_head_2000,1,3407,FV_fish_vertebrates,8.73959494840395
suim,m2,semantic_head_2000,1,3407,SR_sand_seafloor_rocks,11.397628082536098
suim,m2,semantic_head_2000,2,3407,BW_background_waterbody,33.72161102138329
suim,m2,semantic_head_2000,2,3407,HD_human_divers,2.6448568683192306
suim,m2,semantic_head_2000,2,3407,PF_plants_seagrass,11.329850911476637
suim,m2,semantic_head_2000,2,3407,WR_wrecks_ruins,10.804725594876167
suim,m2,semantic_head_2000,2,3407,RO_robots_instruments,2.5659174653372876
suim,m2,semantic_head_2000,2,3407,RI_reefs_invertebrates,20.167975901609186
suim,m2,semantic_head_2000,2,3407,FV_fish_vertebrates,11.62479999417282
suim,m2,semantic_head_2000,2,3407,SR_sand_seafloor_rocks,9.705085699170962
suim,m2,semantic_head_2000,5,3407,BW_background_waterbody,57.03895743641737
suim,m2,semantic_head_2000,5,3407,HD_human_divers,7.4200757672509
suim,m2,semantic_head_2000,5,3407,PF_plants_seagrass,7.812765314290726
suim,m2,semantic_head_2000,5,3407,WR_wrecks_ruins,17.314645095189423
suim,m2,semantic_head_2000,5,3407,RO_robots_instruments,4.65203309056283
suim,m2,semantic_head_2000,5,3407,RI_reefs_invertebrates,41.48556587598508
suim,m2,semantic_head_2000,5,3407,FV_fish_vertebrates,10.652930944954228
suim,m2,semantic_head_2000,5,3407,SR_sand_seafloor_rocks,3.7129808609594623
suim,m2,semantic_head_2000,10,3407,BW_background_waterbody,63.360133547812204
suim,m2,semantic_head_2000,10,3407,HD_human_divers,8.816329492180627
suim,m2,semantic_head_2000,10,3407,PF_plants_seagrass,8.78864470708033
suim,m2,semantic_head_2000,10,3407,WR_wrecks_ruins,17.820954168129745
suim,m2,semantic_head_2000,10,3407,RO_robots_instruments,3.1270840221697926
suim,m2,semantic_head_2000,10,3407,RI_reefs_invertebrates,28.735250802088963
suim,m2,semantic_head_2000,10,3407,FV_fish_vertebrates,17.308801625498283
suim,m2,semantic_head_2000,10,3407,SR_sand_seafloor_rocks,7.080520047197426
suim,m3,adapter_200,1,3407,BW_background_waterbody,17.611684327230897
suim,m3,adapter_200,1,3407,HD_human_divers,2.3337149807213855
suim,m3,adapter_200,1,3407,PF_plants_seagrass,0.23290092826831008
suim,m3,adapter_200,1,3407,WR_wrecks_ruins,12.241755735385253
suim,m3,adapter_200,1,3407,RO_robots_instruments,3.815674504893379
suim,m3,adapter_200,1,3407,RI_reefs_invertebrates,31.110790504867946
suim,m3,adapter_200,1,3407,FV_fish_vertebrates,10.198143455152124
suim,m3,adapter_200,1,3407,SR_sand_seafloor_rocks,17.356265990767085
suim,m3,adapter_200,2,3407,BW_background_waterbody,41.4183394005205
suim,m3,adapter_200,2,3407,HD_human_divers,12.16900856164239
suim,m3,adapter_200,2,3407,PF_plants_seagrass,8.668593284297222
suim,m3,adapter_200,2,3407,WR_wrecks_ruins,18.389471971715828
suim,m3,adapter_200,2,3407,RO_robots_instruments,3.4521474304120203
suim,m3,adapter_200,2,3407,RI_reefs_invertebrates,14.60044393157966
suim,m3,adapter_200,2,3407,FV_fish_vertebrates,19.89595596797814
suim,m3,adapter_200,2,3407,SR_sand_seafloor_rocks,10.804809933544208
suim,m3,adapter_200,5,3407,BW_background_waterbody,39.26270145986242
suim,m3,adapter_200,5,3407,HD_human_divers,14.909683950061861
suim,m3,adapter_200,5,3407,PF_plants_seagrass,4.617949878197698
suim,m3,adapter_200,5,3407,WR_wrecks_ruins,19.77338375707222
suim,m3,adapter_200,5,3407,RO_robots_instruments,3.5876078155730835
suim,m3,adapter_200,5,3407,RI_reefs_invertebrates,38.678256445402205
suim,m3,adapter_200,5,3407,FV_fish_vertebrates,9.41967954324186
suim,m3,adapter_200,5,3407,SR_sand_seafloor_rocks,9.040497929014904
suim,m3,adapter_200,10,3407,BW_background_waterbody,62.940947217911344
suim,m3,adapter_200,10,3407,HD_human_divers,25.12551955401569
suim,m3,adapter_200,10,3407,PF_plants_seagrass,12.552707636370863
suim,m3,adapter_200,10,3407,WR_wrecks_ruins,24.11457908414888
suim,m3,adapter_200,10,3407,RO_robots_instruments,10.528088103666972
suim,m3,adapter_200,10,3407,RI_reefs_invertebrates,31.202857758706244
suim,m3,adapter_200,10,3407,FV_fish_vertebrates,25.54523195496788
suim,m3,adapter_200,10,3407,SR_sand_seafloor_rocks,6.513955916003267
suim,m3,adapter_2000,1,3407,BW_background_waterbody,64.92300084835493
suim,m3,adapter_2000,1,3407,HD_human_divers,5.832609424953844
suim,m3,adapter_2000,1,3407,PF_plants_seagrass,2.2340874205626244
suim,m3,adapter_2000,1,3407,WR_wrecks_ruins,25.289983067369064
suim,m3,adapter_2000,1,3407,RO_robots_instruments,4.614126593425511
suim,m3,adapter_2000,1,3407,RI_reefs_invertebrates,37.103716378165544
suim,m3,adapter_2000,1,3407,FV_fish_vertebrates,37.12025087238657
suim,m3,adapter_2000,1,3407,SR_sand_seafloor_rocks,23.22599424317087
suim,m3,adapter_2000,2,3407,BW_background_waterbody,70.87283989959566
suim,m3,adapter_2000,2,3407,HD_human_divers,29.31897165248803
suim,m3,adapter_2000,2,3407,PF_plants_seagrass,16.255650401515542
suim,m3,adapter_2000,2,3407,WR_wrecks_ruins,24.93940509535471
suim,m3,adapter_2000,2,3407,RO_robots_instruments,14.769904676572338
suim,m3,adapter_2000,2,3407,RI_reefs_invertebrates,46.45128041089856
suim,m3,adapter_2000,2,3407,FV_fish_vertebrates,44.7967683457637
suim,m3,adapter_2000,2,3407,SR_sand_seafloor_rocks,24.420842134566474
suim,m3,adapter_2000,5,3407,BW_background_waterbody,74.73034805430603
suim,m3,adapter_2000,5,3407,HD_human_divers,43.706718865218285
suim,m3,adapter_2000,5,3407,PF_plants_seagrass,11.602767911098223
suim,m3,adapter_2000,5,3407,WR_wrecks_ruins,39.51238739768234
suim,m3,adapter_2000,5,3407,RO_robots_instruments,23.549867181840135
suim,m3,adapter_2000,5,3407,RI_reefs_invertebrates,52.94886417403305
suim,m3,adapter_2000,5,3407,FV_fish_vertebrates,53.78442464835732
suim,m3,adapter_2000,5,3407,SR_sand_seafloor_rocks,29.30818086108482
suim,m3,adapter_2000,10,3407,BW_background_waterbody,79.80466845146019
suim,m3,adapter_2000,10,3407,HD_human_divers,54.01578065903047
suim,m3,adapter_2000,10,3407,PF_plants_seagrass,21.676383797171052
suim,m3,adapter_2000,10,3407,WR_wrecks_ruins,41.77846350158335
suim,m3,adapter_2000,10,3407,RO_robots_instruments,38.49374586565638
suim,m3,adapter_2000,10,3407,RI_reefs_invertebrates,57.99340274948995
suim,m3,adapter_2000,10,3407,FV_fish_vertebrates,62.66528857171254
suim,m3,adapter_2000,10,3407,SR_sand_seafloor_rocks,41.91552449263177
suim,m3,semantic_head_200,1,3407,BW_background_waterbody,2.3801858085758303
suim,m3,semantic_head_200,1,3407,HD_human_divers,0.582279515583653
suim,m3,semantic_head_200,1,3407,PF_plants_seagrass,1.3137287149670154
suim,m3,semantic_head_200,1,3407,WR_wrecks_ruins,13.53134867488856
suim,m3,semantic_head_200,1,3407,RO_robots_instruments,1.3241343795249065
suim,m3,semantic_head_200,1,3407,RI_reefs_invertebrates,16.262683680048866
suim,m3,semantic_head_200,1,3407,FV_fish_vertebrates,2.071511726845805
suim,m3,semantic_head_200,1,3407,SR_sand_seafloor_rocks,4.429336687969023
suim,m3,semantic_head_200,2,3407,BW_background_waterbody,2.865143534569985
suim,m3,semantic_head_200,2,3407,HD_human_divers,0.668968622880627
suim,m3,semantic_head_200,2,3407,PF_plants_seagrass,1.6225625918388182
suim,m3,semantic_head_200,2,3407,WR_wrecks_ruins,13.859014268515068
suim,m3,semantic_head_200,2,3407,RO_robots_instruments,1.3269603910208425
suim,m3,semantic_head_200,2,3407,RI_reefs_invertebrates,13.919358193094764
suim,m3,semantic_head_200,2,3407,FV_fish_vertebrates,2.1939540285160306
suim,m3,semantic_head_200,2,3407,SR_sand_seafloor_rocks,4.068070687978893
suim,m3,semantic_head_200,5,3407,BW_background_waterbody,2.8427792172901847
suim,m3,semantic_head_200,5,3407,HD_human_divers,0.9473456790123456
suim,m3,semantic_head_200,5,3407,PF_plants_seagrass,1.4479599556266292
suim,m3,semantic_head_200,5,3407,WR_wrecks_ruins,13.931522234171165
suim,m3,semantic_head_200,5,3407,RO_robots_instruments,1.3180655330532127
suim,m3,semantic_head_200,5,3407,RI_reefs_invertebrates,18.54419755561704
suim,m3,semantic_head_200,5,3407,FV_fish_vertebrates,2.2061111272731573
suim,m3,semantic_head_200,5,3407,SR_sand_seafloor_rocks,4.173337499357832
suim,m3,semantic_head_200,10,3407,BW_background_waterbody,3.768679626690848
suim,m3,semantic_head_200,10,3407,HD_human_divers,1.0772669037297073
suim,m3,semantic_head_200,10,3407,PF_plants_seagrass,1.377667642995659
suim,m3,semantic_head_200,10,3407,WR_wrecks_ruins,13.72547850527247
suim,m3,semantic_head_200,10,3407,RO_robots_instruments,1.463685496322467
suim,m3,semantic_head_200,10,3407,RI_reefs_invertebrates,14.7257040180784
suim,m3,semantic_head_200,10,3407,FV_fish_vertebrates,2.317299805853466
suim,m3,semantic_head_200,10,3407,SR_sand_seafloor_rocks,3.883369179017164
suim,m3,semantic_head_2000,1,3407,BW_background_waterbody,18.57023830562583
suim,m3,semantic_head_2000,1,3407,HD_human_divers,0.8081882561845373
suim,m3,semantic_head_2000,1,3407,PF_plants_seagrass,5.965882642467789
suim,m3,semantic_head_2000,1,3407,WR_wrecks_ruins,10.250717854922483
suim,m3,semantic_head_2000,1,3407,RO_robots_instruments,0.5480743403347471
suim,m3,semantic_head_2000,1,3407,RI_reefs_invertebrates,26.968966342611388
suim,m3,semantic_head_2000,1,3407,FV_fish_vertebrates,8.921511281332895
suim,m3,semantic_head_2000,1,3407,SR_sand_seafloor_rocks,11.370194747755978
suim,m3,semantic_head_2000,2,3407,BW_background_waterbody,31.310556779923036
suim,m3,semantic_head_2000,2,3407,HD_human_divers,2.68646090271743
suim,m3,semantic_head_2000,2,3407,PF_plants_seagrass,10.980893067075627
suim,m3,semantic_head_2000,2,3407,WR_wrecks_ruins,10.552104052666465
suim,m3,semantic_head_2000,2,3407,RO_robots_instruments,2.5356658120947064
suim,m3,semantic_head_2000,2,3407,RI_reefs_invertebrates,19.80130788584418
suim,m3,semantic_head_2000,2,3407,FV_fish_vertebrates,11.6062602331591
suim,m3,semantic_head_2000,2,3407,SR_sand_seafloor_rocks,9.728283237603874
suim,m3,semantic_head_2000,5,3407,BW_background_waterbody,56.78794458580959
suim,m3,semantic_head_2000,5,3407,HD_human_divers,7.56801109806178
suim,m3,semantic_head_2000,5,3407,PF_plants_seagrass,7.570838266044351
suim,m3,semantic_head_2000,5,3407,WR_wrecks_ruins,16.978428448963935
suim,m3,semantic_head_2000,5,3407,RO_robots_instruments,5.098287260331165
suim,m3,semantic_head_2000,5,3407,RI_reefs_invertebrates,41.28545032294472
suim,m3,semantic_head_2000,5,3407,FV_fish_vertebrates,10.520288969221589
suim,m3,semantic_head_2000,5,3407,SR_sand_seafloor_rocks,3.669821123434499
suim,m3,semantic_head_2000,10,3407,BW_background_waterbody,63.28562722247416
suim,m3,semantic_head_2000,10,3407,HD_human_divers,9.139134468712024
suim,m3,semantic_head_2000,10,3407,PF_plants_seagrass,8.39570728722612
suim,m3,semantic_head_2000,10,3407,WR_wrecks_ruins,17.38995218479715
suim,m3,semantic_head_2000,10,3407,RO_robots_instruments,2.05066953771617
suim,m3,semantic_head_2000,10,3407,RI_reefs_invertebrates,27.99554263187603
suim,m3,semantic_head_2000,10,3407,FV_fish_vertebrates,17.322286354844753
suim,m3,semantic_head_2000,10,3407,SR_sand_seafloor_rocks,6.9369950323499765
loveda,m0,adapter_200,1,3407,background,54.97985222061435
loveda,m0,adapter_200,1,3407,building,65.3164146339094
loveda,m0,adapter_200,1,3407,road,54.75708247184191
loveda,m0,adapter_200,1,3407,water,71.22318440536377
loveda,m0,adapter_200,1,3407,barren,39.14981832521082
loveda,m0,adapter_200,1,3407,forest,37.29210896023003
loveda,m0,adapter_200,1,3407,agriculture,52.55079466042528
loveda,m0,adapter_200,2,3407,background,51.952855168447755
loveda,m0,adapter_200,2,3407,building,57.14505984280538
loveda,m0,adapter_200,2,3407,road,52.8890104673534
loveda,m0,adapter_200,2,3407,water,71.3664723749101
loveda,m0,adapter_200,2,3407,barren,39.381227323693885
loveda,m0,adapter_200,2,3407,forest,37.63849914735991
loveda,m0,adapter_200,2,3407,agriculture,54.106079364149494
loveda,m0,adapter_200,5,3407,background,52.32775086129253
loveda,m0,adapter_200,5,3407,building,63.1654480315514
loveda,m0,adapter_200,5,3407,road,51.393385961704496
loveda,m0,adapter_200,5,3407,water,70.8456559287584
loveda,m0,adapter_200,5,3407,barren,38.87045604268232
loveda,m0,adapter_200,5,3407,forest,40.03663252281634
loveda,m0,adapter_200,5,3407,agriculture,55.88681947976228
loveda,m0,adapter_200,10,3407,background,53.111897556841015
loveda,m0,adapter_200,10,3407,building,65.01457139657634
loveda,m0,adapter_200,10,3407,road,53.17231316787853
loveda,m0,adapter_200,10,3407,water,70.0537200668283
loveda,m0,adapter_200,10,3407,barren,40.232451408213635
loveda,m0,adapter_200,10,3407,forest,41.8712339312946
loveda,m0,adapter_200,10,3407,agriculture,56.259054147221654
loveda,m0,adapter_2000,1,3407,background,55.08953136163678
loveda,m0,adapter_2000,1,3407,building,63.25211229566381
loveda,m0,adapter_2000,1,3407,road,53.248492933997184
loveda,m0,adapter_2000,1,3407,water,68.74825222544642
loveda,m0,adapter_2000,1,3407,barren,34.825972040636586
loveda,m0,adapter_2000,1,3407,forest,32.739943382646814
loveda,m0,adapter_2000,1,3407,agriculture,48.852596738632634
loveda,m0,adapter_2000,2,3407,background,54.28269524161446
loveda,m0,adapter_2000,2,3407,building,60.83783070146315
loveda,m0,adapter_2000,2,3407,road,54.899993128251424
loveda,m0,adapter_2000,2,3407,water,67.0111937112684
loveda,m0,adapter_2000,2,3407,barren,41.33771655376606
loveda,m0,adapter_2000,2,3407,forest,33.37664916647989
loveda,m0,adapter_2000,2,3407,agriculture,54.068220001423164
loveda,m0,adapter_2000,5,3407,background,53.74147980911369
loveda,m0,adapter_2000,5,3407,building,65.0336643597972
loveda,m0,adapter_2000,5,3407,road,54.869653087218026
loveda,m0,adapter_2000,5,3407,water,68.31276841818422
loveda,m0,adapter_2000,5,3407,barren,41.88648135743503
loveda,m0,adapter_2000,5,3407,forest,35.30432840953025
loveda,m0,adapter_2000,5,3407,agriculture,55.793810727155545
loveda,m0,adapter_2000,10,3407,background,54.403139324162375
loveda,m0,adapter_2000,10,3407,building,66.3169872472979
loveda,m0,adapter_2000,10,3407,road,56.275813508620644
loveda,m0,adapter_2000,10,3407,water,69.19094194289079
loveda,m0,adapter_2000,10,3407,barren,44.78023738648523
loveda,m0,adapter_2000,10,3407,forest,42.69928244832055
loveda,m0,adapter_2000,10,3407,agriculture,57.750457948039546
loveda,m0,semantic_head_200,1,3407,background,55.778630194828885
loveda,m0,semantic_head_200,1,3407,building,65.78055527364324
loveda,m0,semantic_head_200,1,3407,road,56.57946361691951
loveda,m0,semantic_head_200,1,3407,water,71.39070740018471
loveda,m0,semantic_head_200,1,3407,barren,30.38881859655831
loveda,m0,semantic_head_200,1,3407,forest,39.72453849983895
loveda,m0,semantic_head_200,1,3407,agriculture,55.27404306750291
loveda,m0,semantic_head_200,2,3407,background,55.740715269883566
loveda,m0,semantic_head_200,2,3407,building,65.68380539801788
loveda,m0,semantic_head_200,2,3407,road,56.59026340647234
loveda,m0,semantic_head_200,2,3407,water,71.39280501448924
loveda,m0,semantic_head_200,2,3407,barren,30.355265400202065
loveda,m0,semantic_head_200,2,3407,forest,39.5682449457135
loveda,m0,semantic_head_200,2,3407,agriculture,55.31851839634331
loveda,m0,semantic_head_200,5,3407,background,55.75880974017845
loveda,m0,semantic_head_200,5,3407,building,65.74058827168294
loveda,m0,semantic_head_200,5,3407,road,56.59404751743183
loveda,m0,semantic_head_200,5,3407,water,71.36780139968184
loveda,m0,semantic_head_200,5,3407,barren,30.254561028682435
loveda,m0,semantic_head_200,5,3407,forest,39.52396776616849
loveda,m0,semantic_head_200,5,3407,agriculture,55.36329763294175
loveda,m0,semantic_head_200,10,3407,background,55.827738004204875
loveda,m0,semantic_head_200,10,3407,building,65.81114569638228
loveda,m0,semantic_head_200,10,3407,road,56.587752368459554
loveda,m0,semantic_head_200,10,3407,water,71.27742117440881
loveda,m0,semantic_head_200,10,3407,barren,30.392149477984432
loveda,m0,semantic_head_200,10,3407,forest,39.632437027012855
loveda,m0,semantic_head_200,10,3407,agriculture,55.47686494972781
loveda,m0,semantic_head_2000,1,3407,background,54.07971103480076
loveda,m0,semantic_head_2000,1,3407,building,65.0907229947155
loveda,m0,semantic_head_2000,1,3407,road,55.27145704164111
loveda,m0,semantic_head_2000,1,3407,water,71.1785192684286
loveda,m0,semantic_head_2000,1,3407,barren,37.38181555633176
loveda,m0,semantic_head_2000,1,3407,forest,39.63831599959763
loveda,m0,semantic_head_2000,1,3407,agriculture,56.77692780742086
loveda,m0,semantic_head_2000,2,3407,background,52.69425849861644
loveda,m0,semantic_head_2000,2,3407,building,60.13293143041311
loveda,m0,semantic_head_2000,2,3407,road,54.90453745598627
loveda,m0,semantic_head_2000,2,3407,water,71.36544613113323
loveda,m0,semantic_head_2000,2,3407,barren,37.08235699318245
loveda,m0,semantic_head_2000,2,3407,forest,40.64280422192882
loveda,m0,semantic_head_2000,2,3407,agriculture,57.83719424410564
loveda,m0,semantic_head_2000,5,3407,background,53.91734855928797
loveda,m0,semantic_head_2000,5,3407,building,63.91822740323704
loveda,m0,semantic_head_2000,5,3407,road,54.447067104051996
loveda,m0,semantic_head_2000,5,3407,water,70.80012556955315
loveda,m0,semantic_head_2000,5,3407,barren,35.752519960271776
loveda,m0,semantic_head_2000,5,3407,forest,40.59877999110627
loveda,m0,semantic_head_2000,5,3407,agriculture,58.381128728146834
loveda,m0,semantic_head_2000,10,3407,background,53.987977567063474
loveda,m0,semantic_head_2000,10,3407,building,64.64768030329923
loveda,m0,semantic_head_2000,10,3407,road,54.99265379535964
loveda,m0,semantic_head_2000,10,3407,water,69.78752740436207
loveda,m0,semantic_head_2000,10,3407,barren,36.87620202456656
loveda,m0,semantic_head_2000,10,3407,forest,40.68800236028235
loveda,m0,semantic_head_2000,10,3407,agriculture,58.33387085428943
loveda,m1,adapter_200,1,3407,background,55.0055100921385
loveda,m1,adapter_200,1,3407,building,65.32140784870997
loveda,m1,adapter_200,1,3407,road,54.73960502117493
loveda,m1,adapter_200,1,3407,water,71.2192052092049
loveda,m1,adapter_200,1,3407,barren,39.18101877235214
loveda,m1,adapter_200,1,3407,forest,37.313532756052744
loveda,m1,adapter_200,1,3407,agriculture,52.66421697087772
loveda,m1,adapter_200,2,3407,background,51.968549132622485
loveda,m1,adapter_200,2,3407,building,57.15204871440719
loveda,m1,adapter_200,2,3407,road,52.87013069462853
loveda,m1,adapter_200,2,3407,water,71.36086231425192
loveda,m1,adapter_200,2,3407,barren,39.4007596008781
loveda,m1,adapter_200,2,3407,forest,37.62745640304927
loveda,m1,adapter_200,2,3407,agriculture,54.18052556250906
loveda,m1,adapter_200,5,3407,background,52.338936324848326
loveda,m1,adapter_200,5,3407,building,63.17928925264543
loveda,m1,adapter_200,5,3407,road,51.401023153621914
loveda,m1,adapter_200,5,3407,water,70.8343860865495
loveda,m1,adapter_200,5,3407,barren,38.88036667619733
loveda,m1,adapter_200,5,3407,forest,40.01693224865905
loveda,m1,adapter_200,5,3407,agriculture,55.9354510301939
loveda,m1,adapter_200,10,3407,background,53.11142677524013
loveda,m1,adapter_200,10,3407,building,65.05444503342368
loveda,m1,adapter_200,10,3407,road,53.15955408978722
loveda,m1,adapter_200,10,3407,water,70.03258065633602
loveda,m1,adapter_200,10,3407,barren,40.247917801010495
loveda,m1,adapter_200,10,3407,forest,41.877649882121325
loveda,m1,adapter_200,10,3407,agriculture,56.30992505930485
loveda,m1,adapter_2000,1,3407,background,55.09707665261636
loveda,m1,adapter_2000,1,3407,building,63.23031367674782
loveda,m1,adapter_2000,1,3407,road,53.22681792412794
loveda,m1,adapter_2000,1,3407,water,68.74946442015845
loveda,m1,adapter_2000,1,3407,barren,34.85497540680334
loveda,m1,adapter_2000,1,3407,forest,32.744266618425485
loveda,m1,adapter_2000,1,3407,agriculture,48.92386666750682
loveda,m1,adapter_2000,2,3407,background,54.29694058242512
loveda,m1,adapter_2000,2,3407,building,60.80841884701176
loveda,m1,adapter_2000,2,3407,road,54.886617867320034
loveda,m1,adapter_2000,2,3407,water,67.07894565347719
loveda,m1,adapter_2000,2,3407,barren,41.32717557181832
loveda,m1,adapter_2000,2,3407,forest,33.3527808917767
loveda,m1,adapter_2000,2,3407,agriculture,54.119529497326425
loveda,m1,adapter_2000,5,3407,background,53.74222159697665
loveda,m1,adapter_2000,5,3407,building,65.00833966591635
loveda,m1,adapter_2000,5,3407,road,54.86094062575214
loveda,m1,adapter_2000,5,3407,water,68.28396519363292
loveda,m1,adapter_2000,5,3407,barren,41.855962235328704
loveda,m1,adapter_2000,5,3407,forest,35.31141503379159
loveda,m1,adapter_2000,5,3407,agriculture,55.807925057120414
loveda,m1,adapter_2000,10,3407,background,54.42723386713776
loveda,m1,adapter_2000,10,3407,building,66.31343333318
loveda,m1,adapter_2000,10,3407,road,56.26131010713069
loveda,m1,adapter_2000,10,3407,water,69.20009006327098
loveda,m1,adapter_2000,10,3407,barren,44.772885817468584
loveda,m1,adapter_2000,10,3407,forest,42.727345929434854
loveda,m1,adapter_2000,10,3407,agriculture,57.79766206646125
loveda,m1,semantic_head_200,1,3407,background,55.78719822285911
loveda,m1,semantic_head_200,1,3407,building,65.7994314224993
loveda,m1,semantic_head_200,1,3407,road,56.56935257906791
loveda,m1,semantic_head_200,1,3407,water,71.37746602504052
loveda,m1,semantic_head_200,1,3407,barren,30.41791395442166
loveda,m1,semantic_head_200,1,3407,forest,39.72361259967874
loveda,m1,semantic_head_200,1,3407,agriculture,55.31072988358899
loveda,m1,semantic_head_200,2,3407,background,55.74892737275785
loveda,m1,semantic_head_200,2,3407,building,65.70313436660344
loveda,m1,semantic_head_200,2,3407,road,56.58007588709153
loveda,m1,semantic_head_200,2,3407,water,71.37959789013671
loveda,m1,semantic_head_200,2,3407,barren,30.384224724959196
loveda,m1,semantic_head_200,2,3407,forest,39.56514585879442
loveda,m1,semantic_head_200,2,3407,agriculture,55.355100511240394
loveda,m1,semantic_head_200,5,3407,background,55.76599743212329
loveda,m1,semantic_head_200,5,3407,building,65.75966604484422
loveda,m1,semantic_head_200,5,3407,road,56.58328560984076
loveda,m1,semantic_head_200,5,3407,water,71.35405251505324
loveda,m1,semantic_head_200,5,3407,barren,30.284503225945674
loveda,m1,semantic_head_200,5,3407,forest,39.5206840430728
loveda,m1,semantic_head_200,5,3407,agriculture,55.39942412999569
loveda,m1,semantic_head_200,10,3407,background,55.8336498384441
loveda,m1,semantic_head_200,10,3407,building,65.82846375366645
loveda,m1,semantic_head_200,10,3407,road,56.57753162349053
loveda,m1,semantic_head_200,10,3407,water,71.26188075769883
loveda,m1,semantic_head_200,10,3407,barren,30.417982036784736
loveda,m1,semantic_head_200,10,3407,forest,39.628295339253555
loveda,m1,semantic_head_200,10,3407,agriculture,55.50858463928532
loveda,m1,semantic_head_2000,1,3407,background,54.072442476393555
loveda,m1,semantic_head_2000,1,3407,building,65.10185297727041
loveda,m1,semantic_head_2000,1,3407,road,55.24601870374306
loveda,m1,semantic_head_2000,1,3407,water,71.15959438115142
loveda,m1,semantic_head_2000,1,3407,barren,37.41842303753784
loveda,m1,semantic_head_2000,1,3407,forest,39.63256855285886
loveda,m1,semantic_head_2000,1,3407,agriculture,56.81361347164627
loveda,m1,semantic_head_2000,2,3407,background,52.693375374077725
loveda,m1,semantic_head_2000,2,3407,building,60.15417376414235
loveda,m1,semantic_head_2000,2,3407,road,54.881593939291086
loveda,m1,semantic_head_2000,2,3407,water,71.34468967407649
loveda,m1,semantic_head_2000,2,3407,barren,37.11604526653402
loveda,m1,semantic_head_2000,2,3407,forest,40.63456890083088
loveda,m1,semantic_head_2000,2,3407,agriculture,57.86458593521093
loveda,m1,semantic_head_2000,5,3407,background,53.9136893464343
loveda,m1,semantic_head_2000,5,3407,building,63.935776516893725
loveda,m1,semantic_head_2000,5,3407,road,54.42771947289607
loveda,m1,semantic_head_2000,5,3407,water,70.7798346858407
loveda,m1,semantic_head_2000,5,3407,barren,35.79677186620947
loveda,m1,semantic_head_2000,5,3407,forest,40.58563962746358
loveda,m1,semantic_head_2000,5,3407,agriculture,58.40392372173076
loveda,m1,semantic_head_2000,10,3407,background,53.98701789070669
loveda,m1,semantic_head_2000,10,3407,building,64.66823293419047
loveda,m1,semantic_head_2000,10,3407,road,54.973115071236464
loveda,m1,semantic_head_2000,10,3407,water,69.7683274363741
loveda,m1,semantic_head_2000,10,3407,barren,36.91136847841652
loveda,m1,semantic_head_2000,10,3407,forest,40.67823652758932
loveda,m1,semantic_head_2000,10,3407,agriculture,58.35013134764986
loveda,m2,adapter_200,1,3407,background,55.164209624850415
loveda,m2,adapter_200,1,3407,building,66.14447954424364
loveda,m2,adapter_200,1,3407,road,55.16872275010826
loveda,m2,adapter_200,1,3407,water,70.60480996561208
loveda,m2,adapter_200,1,3407,barren,37.09651053233905
loveda,m2,adapter_200,1,3407,forest,37.57957926387437
loveda,m2,adapter_200,1,3407,agriculture,51.53481954625504
loveda,m2,adapter_200,2,3407,background,52.77951071983752
loveda,m2,adapter_200,2,3407,building,59.36955063456368
loveda,m2,adapter_200,2,3407,road,52.7622932151441
loveda,m2,adapter_200,2,3407,water,70.88589029943006
loveda,m2,adapter_200,2,3407,barren,38.52183215203194
loveda,m2,adapter_200,2,3407,forest,37.288623314605445
loveda,m2,adapter_200,2,3407,agriculture,54.29722268349266
loveda,m2,adapter_200,5,3407,background,52.78499461212224
loveda,m2,adapter_200,5,3407,building,63.81700782843188
loveda,m2,adapter_200,5,3407,road,52.55009831308022
loveda,m2,adapter_200,5,3407,water,70.62266178948792
loveda,m2,adapter_200,5,3407,barren,37.660307548986275
loveda,m2,adapter_200,5,3407,forest,39.811007206272905
loveda,m2,adapter_200,5,3407,agriculture,56.61222652967036
loveda,m2,adapter_200,10,3407,background,54.16121165877657
loveda,m2,adapter_200,10,3407,building,65.57226244485604
loveda,m2,adapter_200,10,3407,road,53.57012987543121
loveda,m2,adapter_200,10,3407,water,69.86525094259446
loveda,m2,adapter_200,10,3407,barren,39.261737233749535
loveda,m2,adapter_200,10,3407,forest,42.020222868874825
loveda,m2,adapter_200,10,3407,agriculture,56.73623481196108
loveda,m2,adapter_2000,1,3407,background,54.94207858674452
loveda,m2,adapter_2000,1,3407,building,63.32025802563498
loveda,m2,adapter_2000,1,3407,road,52.36433608199824
loveda,m2,adapter_2000,1,3407,water,68.17091071552423
loveda,m2,adapter_2000,1,3407,barren,35.37242319024472
loveda,m2,adapter_2000,1,3407,forest,30.778951879337036
loveda,m2,adapter_2000,1,3407,agriculture,46.45941932770485
loveda,m2,adapter_2000,2,3407,background,55.133297367710135
loveda,m2,adapter_2000,2,3407,building,62.23804658291077
loveda,m2,adapter_2000,2,3407,road,53.93443427816385
loveda,m2,adapter_2000,2,3407,water,66.7543800528706
loveda,m2,adapter_2000,2,3407,barren,41.34951019077482
loveda,m2,adapter_2000,2,3407,forest,33.62472339568247
loveda,m2,adapter_2000,2,3407,agriculture,54.63569369774287
loveda,m2,adapter_2000,5,3407,background,54.25505398600041
loveda,m2,adapter_2000,5,3407,building,65.36640994772021
loveda,m2,adapter_2000,5,3407,road,54.49984389832891
loveda,m2,adapter_2000,5,3407,water,68.0911212860062
loveda,m2,adapter_2000,5,3407,barren,41.242031161569145
loveda,m2,adapter_2000,5,3407,forest,35.16173857912101
loveda,m2,adapter_2000,5,3407,agriculture,57.33302240546574
loveda,m2,adapter_2000,10,3407,background,54.49098643101532
loveda,m2,adapter_2000,10,3407,building,66.82207091828877
loveda,m2,adapter_2000,10,3407,road,55.94539458507134
loveda,m2,adapter_2000,10,3407,water,68.2425983690118
loveda,m2,adapter_2000,10,3407,barren,44.57972067650511
loveda,m2,adapter_2000,10,3407,forest,43.34994567678498
loveda,m2,adapter_2000,10,3407,agriculture,58.82555781352505
loveda,m2,semantic_head_200,1,3407,background,55.700111401963945
loveda,m2,semantic_head_200,1,3407,building,66.27603805944874
loveda,m2,semantic_head_200,1,3407,road,56.95966162117346
loveda,m2,semantic_head_200,1,3407,water,71.00318028058945
loveda,m2,semantic_head_200,1,3407,barren,28.220146792449952
loveda,m2,semantic_head_200,1,3407,forest,39.65308488821108
loveda,m2,semantic_head_200,1,3407,agriculture,54.39689580586583
loveda,m2,semantic_head_200,2,3407,background,55.67623394747703
loveda,m2,semantic_head_200,2,3407,building,66.22811928171292
loveda,m2,semantic_head_200,2,3407,road,56.98254185357193
loveda,m2,semantic_head_200,2,3407,water,70.98448052965729
loveda,m2,semantic_head_200,2,3407,barren,28.215914814416855
loveda,m2,semantic_head_200,2,3407,forest,39.48967112803214
loveda,m2,semantic_head_200,2,3407,agriculture,54.54601394401013
loveda,m2,semantic_head_200,5,3407,background,55.69944004049565
loveda,m2,semantic_head_200,5,3407,building,66.2627832605025
loveda,m2,semantic_head_200,5,3407,road,56.98487507384811
loveda,m2,semantic_head_200,5,3407,water,70.96860735779732
loveda,m2,semantic_head_200,5,3407,barren,28.19176989301865
loveda,m2,semantic_head_200,5,3407,forest,39.45021794730165
loveda,m2,semantic_head_200,5,3407,agriculture,54.61649399046783
loveda,m2,semantic_head_200,10,3407,background,55.772973596733685
loveda,m2,semantic_head_200,10,3407,building,66.29352473965129
loveda,m2,semantic_head_200,10,3407,road,56.97409375713388
loveda,m2,semantic_head_200,10,3407,water,70.87398281521915
loveda,m2,semantic_head_200,10,3407,barren,28.254902749203787
loveda,m2,semantic_head_200,10,3407,forest,39.561208271557476
loveda,m2,semantic_head_200,10,3407,agriculture,54.729423804496115
loveda,m2,semantic_head_2000,1,3407,background,54.39559680140509
loveda,m2,semantic_head_2000,1,3407,building,65.41748067401343
loveda,m2,semantic_head_2000,1,3407,road,55.63477907842642
loveda,m2,semantic_head_2000,1,3407,water,70.9740931237564
loveda,m2,semantic_head_2000,1,3407,barren,35.347683289399065
loveda,m2,semantic_head_2000,1,3407,forest,39.96967578874082
loveda,m2,semantic_head_2000,1,3407,agriculture,55.955681100386656
loveda,m2,semantic_head_2000,2,3407,background,53.151997301867645
loveda,m2,semantic_head_2000,2,3407,building,61.251507559149246
loveda,m2,semantic_head_2000,2,3407,road,55.237990073702534
loveda,m2,semantic_head_2000,2,3407,water,71.0560418917949
loveda,m2,semantic_head_2000,2,3407,barren,35.23521991873272
loveda,m2,semantic_head_2000,2,3407,forest,40.747582768771714
loveda,m2,semantic_head_2000,2,3407,agriculture,57.50963017992371
loveda,m2,semantic_head_2000,5,3407,background,54.11288139070422
loveda,m2,semantic_head_2000,5,3407,building,64.55982549846499
loveda,m2,semantic_head_2000,5,3407,road,54.66224859825122
loveda,m2,semantic_head_2000,5,3407,water,70.46661457476624
loveda,m2,semantic_head_2000,5,3407,barren,33.59106600698682
loveda,m2,semantic_head_2000,5,3407,forest,40.68978904095212
loveda,m2,semantic_head_2000,5,3407,agriculture,58.10322058889302
loveda,m2,semantic_head_2000,10,3407,background,54.25771185240288
loveda,m2,semantic_head_2000,10,3407,building,65.23230690211332
loveda,m2,semantic_head_2000,10,3407,road,55.33313349056181
loveda,m2,semantic_head_2000,10,3407,water,69.47302280452801
loveda,m2,semantic_head_2000,10,3407,barren,34.835081570704304
loveda,m2,semantic_head_2000,10,3407,forest,40.81620032424178
loveda,m2,semantic_head_2000,10,3407,agriculture,57.99202643464043
loveda,m3,adapter_200,1,3407,background,55.17065260657479
loveda,m3,adapter_200,1,3407,building,66.17878397981059
loveda,m3,adapter_200,1,3407,road,55.285450567081476
loveda,m3,adapter_200,1,3407,water,70.66673097698916
loveda,m3,adapter_200,1,3407,barren,37.05926013967884
loveda,m3,adapter_200,1,3407,forest,37.41600333039512
loveda,m3,adapter_200,1,3407,agriculture,51.35762831779424
loveda,m3,adapter_200,2,3407,background,52.81529190383799
loveda,m3,adapter_200,2,3407,building,59.475341433706255
loveda,m3,adapter_200,2,3407,road,52.77229977036502
loveda,m3,adapter_200,2,3407,water,70.92024700775306
loveda,m3,adapter_200,2,3407,barren,38.491207229424354
loveda,m3,adapter_200,2,3407,forest,37.12014111024218
loveda,m3,adapter_200,2,3407,agriculture,54.20771587770391
loveda,m3,adapter_200,5,3407,background,52.84484097320078
loveda,m3,adapter_200,5,3407,building,63.77809636010041
loveda,m3,adapter_200,5,3407,road,52.61638556829901
loveda,m3,adapter_200,5,3407,water,70.69477524445877
loveda,m3,adapter_200,5,3407,barren,37.6999357570666
loveda,m3,adapter_200,5,3407,forest,39.77811605189698
loveda,m3,adapter_200,5,3407,agriculture,56.649554440246185
loveda,m3,adapter_200,10,3407,background,54.20041056987829
loveda,m3,adapter_200,10,3407,building,65.58882966746873
loveda,m3,adapter_200,10,3407,road,53.62108726619326
loveda,m3,adapter_200,10,3407,water,69.8813053244536
loveda,m3,adapter_200,10,3407,barren,39.29077208114162
loveda,m3,adapter_200,10,3407,forest,42.00327879628659
loveda,m3,adapter_200,10,3407,agriculture,56.71716906499606
loveda,m3,adapter_2000,1,3407,background,54.99912977223077
loveda,m3,adapter_2000,1,3407,building,63.258959417423654
loveda,m3,adapter_2000,1,3407,road,52.47440625882888
loveda,m3,adapter_2000,1,3407,water,68.17082420080382
loveda,m3,adapter_2000,1,3407,barren,35.72869572346342
loveda,m3,adapter_2000,1,3407,forest,30.664405221140512
loveda,m3,adapter_2000,1,3407,agriculture,46.68215517476938
loveda,m3,adapter_2000,2,3407,background,55.04463883115558
loveda,m3,adapter_2000,2,3407,building,62.087897731559394
loveda,m3,adapter_2000,2,3407,road,53.97261117826785
loveda,m3,adapter_2000,2,3407,water,66.5398147210598
loveda,m3,adapter_2000,2,3407,barren,41.414876940581166
loveda,m3,adapter_2000,2,3407,forest,33.49846007544131
loveda,m3,adapter_2000,2,3407,agriculture,54.42003086887489
loveda,m3,adapter_2000,5,3407,background,54.216443154608776
loveda,m3,adapter_2000,5,3407,building,65.26838893430107
loveda,m3,adapter_2000,5,3407,road,54.59972498736986
loveda,m3,adapter_2000,5,3407,water,68.14863181112965
loveda,m3,adapter_2000,5,3407,barren,41.12798069907263
loveda,m3,adapter_2000,5,3407,forest,35.139258414975586
loveda,m3,adapter_2000,5,3407,agriculture,57.056905944692296
loveda,m3,adapter_2000,10,3407,background,54.49364682198231
loveda,m3,adapter_2000,10,3407,building,66.80512032993985
loveda,m3,adapter_2000,10,3407,road,55.9272802927733
loveda,m3,adapter_2000,10,3407,water,68.33753044875897
loveda,m3,adapter_2000,10,3407,barren,44.57628456236623
loveda,m3,adapter_2000,10,3407,forest,43.35114196565288
loveda,m3,adapter_2000,10,3407,agriculture,58.63772998735979
loveda,m3,semantic_head_200,1,3407,background,55.7467398460022
loveda,m3,semantic_head_200,1,3407,building,66.29026603616185
loveda,m3,semantic_head_200,1,3407,road,56.98109017337296
loveda,m3,semantic_head_200,1,3407,water,70.99916670747858
loveda,m3,semantic_head_200,1,3407,barren,28.278311112408833
loveda,m3,semantic_head_200,1,3407,forest,39.581907028701366
loveda,m3,semantic_head_200,1,3407,agriculture,54.5143655308458
loveda,m3,semantic_head_200,2,3407,background,55.72690847725769
loveda,m3,semantic_head_200,2,3407,building,66.24610972010946
loveda,m3,semantic_head_200,2,3407,road,57.0056582149376
loveda,m3,semantic_head_200,2,3407,water,70.98169425548775
loveda,m3,semantic_head_200,2,3407,barren,28.276410030805298
loveda,m3,semantic_head_200,2,3407,forest,39.4199544393917
loveda,m3,semantic_head_200,2,3407,agriculture,54.67436945944289
loveda,m3,semantic_head_200,5,3407,background,55.749634023204045
loveda,m3,semantic_head_200,5,3407,building,66.27884351704178
loveda,m3,semantic_head_200,5,3407,road,57.00848568596808
loveda,m3,semantic_head_200,5,3407,water,70.96731090065967
loveda,m3,semantic_head_200,5,3407,barren,28.253514858928604
loveda,m3,semantic_head_200,5,3407,forest,39.381540651160755
loveda,m3,semantic_head_200,5,3407,agriculture,54.74506333330665
loveda,m3,semantic_head_200,10,3407,background,55.8221834264205
loveda,m3,semantic_head_200,10,3407,building,66.30778008278469
loveda,m3,semantic_head_200,10,3407,road,56.99618845028049
loveda,m3,semantic_head_200,10,3407,water,70.87474439039349
loveda,m3,semantic_head_200,10,3407,barren,28.312882413221768
loveda,m3,semantic_head_200,10,3407,forest,39.4950751810506
loveda,m3,semantic_head_200,10,3407,agriculture,54.85605079014172
loveda,m3,semantic_head_2000,1,3407,background,54.463503918360146
loveda,m3,semantic_head_2000,1,3407,building,65.45748195908338
loveda,m3,semantic_head_2000,1,3407,road,55.694881571090846
loveda,m3,semantic_head_2000,1,3407,water,70.99494917232114
loveda,m3,semantic_head_2000,1,3407,barren,35.31578794312307
loveda,m3,semantic_head_2000,1,3407,forest,39.870433232043965
loveda,m3,semantic_head_2000,1,3407,agriculture,55.9294867706562
loveda,m3,semantic_head_2000,2,3407,background,53.227387434863275
loveda,m3,semantic_head_2000,2,3407,building,61.32283074608016
loveda,m3,semantic_head_2000,2,3407,road,55.303251675926965
loveda,m3,semantic_head_2000,2,3407,water,71.07394879180171
loveda,m3,semantic_head_2000,2,3407,barren,35.225850840793285
loveda,m3,semantic_head_2000,2,3407,forest,40.68495536900538
loveda,m3,semantic_head_2000,2,3407,agriculture,57.556717327476335
loveda,m3,semantic_head_2000,5,3407,background,54.17517514827534
loveda,m3,semantic_head_2000,5,3407,building,64.59197881740526
loveda,m3,semantic_head_2000,5,3407,road,54.73056814952463
loveda,m3,semantic_head_2000,5,3407,water,70.50774986223904
loveda,m3,semantic_head_2000,5,3407,barren,33.59795182652041
loveda,m3,semantic_head_2000,5,3407,forest,40.63643601374308
loveda,m3,semantic_head_2000,5,3407,agriculture,58.142299486601715
loveda,m3,semantic_head_2000,10,3407,background,54.313085880579436
loveda,m3,semantic_head_2000,10,3407,building,65.24899814867918
loveda,m3,semantic_head_2000,10,3407,road,55.38998465309744
loveda,m3,semantic_head_2000,10,3407,water,69.50866354523811
loveda,m3,semantic_head_2000,10,3407,barren,34.842882879270554
loveda,m3,semantic_head_2000,10,3407,forest,40.772219757156364
loveda,m3,semantic_head_2000,10,3407,agriculture,58.04899101939973
