dataset,variant,setting,shots,seed,steps,support_images,evaluation_images,miou_percent,pixel_accuracy_percent,final_loss,mean_last20_loss,source_summary
suim,m0,adapter_200,1,3407,200,8,110,8.744662727989013,17.080535530088405,1.1240150928497314,0.8848838031291961,suim/m0/adapter_200/1shot_seed3407/summary.json
suim,m0,adapter_200,2,3407,200,16,110,13.816287727430032,26.355342087390916,1.1813290119171143,1.078878104686737,suim/m0/adapter_200/2shot_seed3407/summary.json
suim,m0,adapter_200,5,3407,200,40,110,22.680865764266862,49.139400221077366,1.2729384899139404,1.2542456418275834,suim/m0/adapter_200/5shot_seed3407/summary.json
suim,m0,adapter_200,10,3407,200,78,110,19.029377880901023,43.4225220438006,1.2837467193603516,1.3077728271484375,suim/m0/adapter_200/10shot_seed3407/summary.json
suim,m0,adapter_2000,1,3407,2000,8,110,24.0392968122929,51.05852816300782,0.12423807382583618,0.09274847395718097,suim/m0/adapter_2000/1shot_seed3407/summary.json
suim,m0,adapter_2000,2,3407,2000,16,110,35.28329054677748,61.47807788126205,0.05978662893176079,0.12462987154722213,suim/m0/adapter_2000/2shot_seed3407/summary.json
suim,m0,adapter_2000,5,3407,2000,40,110,42.70400089138968,69.65553529667032,0.17856378853321075,0.20974721238017083,suim/m0/adapter_2000/5shot_seed3407/summary.json
suim,m0,adapter_2000,10,3407,2000,78,110,49.66066260775067,75.03190469965993,0.3518301248550415,0.40698629096150396,suim/m0/adapter_2000/10shot_seed3407/summary.json
suim,m0,semantic_head_200,1,3407,200,8,110,1.085315605644938,2.1073238068987017,1.9573184251785278,1.840979140996933,suim/m0/semantic_head_200/1shot_seed3407/summary.json
suim,m0,semantic_head_200,2,3407,200,16,110,1.0715970213589154,1.95577204349614,1.7848867177963257,1.8191636085510254,suim/m0/semantic_head_200/2shot_seed3407/summary.json
suim,m0,semantic_head_200,5,3407,200,40,110,1.1935691060819629,2.214191230705966,2.040616512298584,1.8454715251922607,suim/m0/semantic_head_200/5shot_seed3407/summary.json
suim,m0,semantic_head_200,10,3407,200,78,110,1.2450357796843892,2.162372416721503,1.8190076351165771,1.7546985805034638,suim/m0/semantic_head_200/10shot_seed3407/summary.json
suim,m0,semantic_head_2000,1,3407,2000,8,110,7.700515575503203,15.024408934675817,1.0345370769500732,1.120335403084755,suim/m0/semantic_head_2000/1shot_seed3407/summary.json
suim,m0,semantic_head_2000,2,3407,2000,16,110,16.69727141621346,40.106526430436745,1.3410918712615967,1.2911287188529967,suim/m0/semantic_head_2000/2shot_seed3407/summary.json
suim,m0,semantic_head_2000,5,3407,2000,40,110,19.717412408946057,53.319106163008634,1.4934747219085693,1.4180859208106995,suim/m0/semantic_head_2000/5shot_seed3407/summary.json
suim,m0,semantic_head_2000,10,3407,2000,78,110,18.791303115033276,49.569960168726766,1.3453797101974487,1.4305631458759307,suim/m0/semantic_head_2000/10shot_seed3407/summary.json
suim,m1,adapter_200,1,3407,200,8,110,19.55308545804919,45.19174483466084,0.7075915932655334,0.7543256282806396,suim/m1/adapter_200/1shot_seed3407/summary.json
suim,m1,adapter_200,2,3407,200,16,110,21.932717934471608,49.04575136468389,0.8918821215629578,0.9061723053455353,suim/m1/adapter_200/2shot_seed3407/summary.json
suim,m1,adapter_200,5,3407,200,40,110,32.03432629220507,61.294179953568076,1.0463120937347412,1.1728657633066177,suim/m1/adapter_200/5shot_seed3407/summary.json
suim,m1,adapter_200,10,3407,200,78,110,27.02783000841042,56.77398299742104,1.4320628643035889,1.2609887301921845,suim/m1/adapter_200/10shot_seed3407/summary.json
suim,m1,adapter_2000,1,3407,2000,8,110,27.238399382716516,58.27779420725333,0.10896933078765869,0.0875261889770627,suim/m1/adapter_2000/1shot_seed3407/summary.json
suim,m1,adapter_2000,2,3407,2000,16,110,35.64394998715551,63.7969901042912,0.06558976322412491,0.12178802657872438,suim/m1/adapter_2000/2shot_seed3407/summary.json
suim,m1,adapter_2000,5,3407,2000,40,110,42.54878717359879,69.5482974485171,0.1704198569059372,0.19875011667609216,suim/m1/adapter_2000/5shot_seed3407/summary.json
suim,m1,adapter_2000,10,3407,2000,78,110,49.83130186374504,75.2356634614643,0.3625659942626953,0.4021128788590431,suim/m1/adapter_2000/10shot_seed3407/summary.json
suim,m1,semantic_head_200,1,3407,200,8,110,6.106523366322013,14.134956651217772,1.4825938940048218,1.6012277901172638,suim/m1/semantic_head_200/1shot_seed3407/summary.json
suim,m1,semantic_head_200,2,3407,200,16,110,6.1379244754530005,14.1263404794448,1.309847116470337,1.5100535333156586,suim/m1/semantic_head_200/2shot_seed3407/summary.json
suim,m1,semantic_head_200,5,3407,200,40,110,6.14017558066831,14.753413079774994,1.5230568647384644,1.5804454147815705,suim/m1/semantic_head_200/5shot_seed3407/summary.json
suim,m1,semantic_head_200,10,3407,200,78,110,6.164488023110208,14.875949960846654,1.6000295877456665,1.5828744053840638,suim/m1/semantic_head_200/10shot_seed3407/summary.json
suim,m1,semantic_head_2000,1,3407,2000,8,110,15.478268883258744,36.234072260554655,0.9654954671859741,0.9886748522520066,suim/m1/semantic_head_2000/1shot_seed3407/summary.json
suim,m1,semantic_head_2000,2,3407,2000,16,110,20.113050174170922,46.8371672422283,0.9995065927505493,1.114672341942787,suim/m1/semantic_head_2000/2shot_seed3407/summary.json
suim,m1,semantic_head_2000,5,3407,2000,40,110,22.687921621131533,53.04773480945575,1.4124627113342285,1.2884367257356644,suim/m1/semantic_head_2000/5shot_seed3407/summary.json
suim,m1,semantic_head_2000,10,3407,2000,78,110,20.727045541580484,50.78057289727859,1.1806246042251587,1.3126384317874908,suim/m1/semantic_head_2000/10shot_seed3407/summary.json
suim,m2,adapter_200,1,3407,200,8,110,11.788908055480007,29.92078044045789,1.02194344997406,0.8085541993379592,suim/m2/adapter_200/1shot_seed3407/summary.json
suim,m2,adapter_200,2,3407,200,16,110,16.38837376895396,34.32230713678827,1.1318238973617554,1.0610987037420272,suim/m2/adapter_200/2shot_seed3407/summary.json
suim,m2,adapter_200,5,3407,200,40,110,17.404740620810628,41.45713165307497,1.2202999591827393,1.2836012661457061,suim/m2/adapter_200/5shot_seed3407/summary.json
suim,m2,adapter_200,10,3407,200,78,110,25.056971885485492,52.93316205182206,1.3245340585708618,1.332932323217392,suim/m2/adapter_200/10shot_seed3407/summary.json
suim,m2,adapter_2000,1,3407,2000,8,110,25.055849193074476,59.37004620866115,0.08675582706928253,0.08022264335304499,suim/m2/adapter_2000/1shot_seed3407/summary.json
suim,m2,adapter_2000,2,3407,2000,16,110,34.30086380595526,63.05897541234826,0.05778849869966507,0.1194974895566702,suim/m2/adapter_2000/2shot_seed3407/summary.json
suim,m2,adapter_2000,5,3407,2000,40,110,41.09225493391662,69.28032841721026,0.15528663992881775,0.191951909288764,suim/m2/adapter_2000/5shot_seed3407/summary.json
suim,m2,adapter_2000,10,3407,2000,78,110,49.9326116194234,75.32878712717552,0.375732421875,0.3890706211328506,suim/m2/adapter_2000/10shot_seed3407/summary.json
suim,m2,semantic_head_200,1,3407,200,8,110,5.330100284540788,10.367697921280056,1.3587566614151,1.6026983976364135,suim/m2/semantic_head_200/1shot_seed3407/summary.json
suim,m2,semantic_head_200,2,3407,200,16,110,5.17691160289353,9.975844780629629,1.9321109056472778,1.6064172565937043,suim/m2/semantic_head_200/2shot_seed3407/summary.json
suim,m2,semantic_head_200,5,3407,200,40,110,5.8172263675091695,11.066092431124414,1.7285397052764893,1.6675466418266296,suim/m2/semantic_head_200/5shot_seed3407/summary.json
suim,m2,semantic_head_200,10,3407,200,78,110,5.475844332916922,10.60827584821086,1.6846972703933716,1.6780316948890686,suim/m2/semantic_head_200/10shot_seed3407/summary.json
suim,m2,semantic_head_2000,1,3407,2000,8,110,10.677266298075532,24.063998569451623,0.810813844203949,1.0534782856702805,suim/m2/semantic_head_2000/1shot_seed3407/summary.json
suim,m2,semantic_head_2000,2,3407,2000,16,110,12.820602932043196,28.58159748087088,1.2913565635681152,1.1814650058746339,suim/m2/semantic_head_2000/2shot_seed3407/summary.json
suim,m2,semantic_head_2000,5,3407,2000,40,110,18.76124429820125,46.91263485983346,1.5211420059204102,1.3625036001205444,suim/m2/semantic_head_2000/5shot_seed3407/summary.json
suim,m2,semantic_head_2000,10,3407,2000,78,110,19.379714801519672,48.2945663112352,1.3284894227981567,1.419134908914566,suim/m2/semantic_head_2000/10shot_seed3407/summary.json
suim,m3,adapter_200,1,3407,200,8,110,11.862616303410798,30.03294797699594,1.0192325115203857,0.8073049396276474,suim/m3/adapter_200/1shot_seed3407/summary.json
suim,m3,adapter_200,2,3407,200,16,110,16.174846310211247,33.891308261660456,1.1387920379638672,1.060898232460022,suim/m3/adapter_200/2shot_seed3407/summary.json
suim,m3,adapter_200,5,3407,200,40,110,17.411220097303282,41.465575298440235,1.2234408855438232,1.2827798217535018,suim/m3/adapter_200/5shot_seed3407/summary.json
suim,m3,adapter_200,10,3407,200,78,110,24.81548590322389,52.73804483332122,1.3114978075027466,1.3311230778694152,suim/m3/adapter_200/10shot_seed3407/summary.json
suim,m3,adapter_2000,1,3407,2000,8,110,25.04297110604862,59.253494471644984,0.08718351274728775,0.08024427946656942,suim/m3/adapter_2000/1shot_seed3407/summary.json
suim,m3,adapter_2000,2,3407,2000,16,110,33.97820782709437,62.84697090311688,0.05820351094007492,0.11953810546547175,suim/m3/adapter_2000/2shot_seed3407/summary.json
suim,m3,adapter_2000,5,3407,2000,40,110,41.14294488670252,69.28218561324613,0.15400955080986023,0.19330987967550756,suim/m3/adapter_2000/5shot_seed3407/summary.json
suim,m3,adapter_2000,10,3407,2000,78,110,49.79290726109196,75.23729231372526,0.3737817108631134,0.389139162003994,suim/m3/adapter_2000/10shot_seed3407/summary.json
suim,m3,semantic_head_200,1,3407,200,8,110,5.236901148550458,9.990715034681868,1.3606106042861938,1.6032554984092713,suim/m3/semantic_head_200/1shot_seed3407/summary.json
suim,m3,semantic_head_200,2,3407,200,16,110,5.065504039801878,9.560705649245287,1.946204662322998,1.610140186548233,suim/m3/semantic_head_200/2shot_seed3407/summary.json
suim,m3,semantic_head_200,5,3407,200,40,110,5.676414850175196,10.598238870727384,1.7398279905319214,1.6690262973308563,suim/m3/semantic_head_200/5shot_seed3407/summary.json
suim,m3,semantic_head_200,10,3407,200,78,110,5.292393897245023,9.991722284444492,1.6798834800720215,1.6791304767131805,suim/m3/semantic_head_200/10shot_seed3407/summary.json
suim,m3,semantic_head_2000,1,3407,2000,8,110,10.425471721404456,23.42469181709278,0.8074849843978882,1.0550008535385131,suim/m3/semantic_head_2000/1shot_seed3407/summary.json
suim,m3,semantic_head_2000,2,3407,2000,16,110,12.40019149638555,27.371550537450208,1.2964774370193481,1.1840635240077972,suim/m3/semantic_head_2000/2shot_seed3407/summary.json
suim,m3,semantic_head_2000,5,3407,2000,40,110,18.684883759351454,46.75029004733718,1.5252567529678345,1.3627882122993469,suim/m3/semantic_head_2000/5shot_seed3407/summary.json
suim,m3,semantic_head_2000,10,3407,2000,78,110,19.06448933999955,48.08764625672497,1.3237439393997192,1.4195074498653413,suim/m3/semantic_head_2000/10shot_seed3407/summary.json
loveda,m0,adapter_200,1,3407,200,7,1599,53.60989366822794,70.55793430819529,0.053775299340486526,0.18584293262392748,loveda/m0/adapter_200/1shot_seed3407/adapter_1shot_seed3407/summary.json
loveda,m0,adapter_200,2,3407,200,14,1599,52.06845766981713,69.39619156777604,0.1840132772922516,0.30482061284710654,loveda/m0/adapter_200/2shot_seed3407/adapter_2shot_seed3407/summary.json
loveda,m0,adapter_200,5,3407,200,35,1599,53.21802126122397,70.40134915014367,0.4378396272659302,0.44890676699578763,loveda/m0/adapter_200/5shot_seed3407/adapter_5shot_seed3407/summary.json
loveda,m0,adapter_200,10,3407,200,70,1599,54.245034524979154,71.0221070641916,0.5450063347816467,0.42860193774104116,loveda/m0/adapter_200/10shot_seed3407/adapter_10shot_seed3407/summary.json
loveda,m0,adapter_2000,1,3407,2000,7,1599,50.96527156838003,69.07608672475823,0.0020357242319732904,0.07435268696281128,loveda/m0/adapter_2000/1shot_seed3407/adapter_1shot_seed3407/summary.json
loveda,m0,adapter_2000,2,3407,2000,14,1599,52.259185500609505,69.9323607249088,0.09284228831529617,0.12285292838932946,loveda/m0/adapter_2000/2shot_seed3407/adapter_2shot_seed3407/summary.json
loveda,m0,adapter_2000,5,3407,2000,35,1599,53.56316945263342,70.7619747779293,0.40340158343315125,0.2517636292788666,loveda/m0/adapter_2000/5shot_seed3407/adapter_5shot_seed3407/summary.json
loveda,m0,adapter_2000,10,3407,2000,70,1599,55.91669425797385,72.18499522754242,0.41080665588378906,0.3027259074151516,loveda/m0/adapter_2000/10shot_seed3407/adapter_10shot_seed3407/summary.json
loveda,m0,semantic_head_200,1,3407,200,7,1599,53.559536664210924,71.75123384586007,1.6496816873550415,1.0931928706500913,loveda/m0/semantic_head_200/1shot_seed3407/semantic-head_1shot_seed3407/summary.json
loveda,m0,semantic_head_200,2,3407,200,14,1599,53.52137397587455,71.74277208837006,0.36279699206352234,0.7465064770200115,loveda/m0/semantic_head_200/2shot_seed3407/semantic-head_2shot_seed3407/summary.json
loveda,m0,semantic_head_200,5,3407,200,35,1599,53.51472476525253,71.75795462916675,0.8811467289924622,0.8199815332889557,loveda/m0/semantic_head_200/5shot_seed3407/semantic-head_5shot_seed3407/summary.json
loveda,m0,semantic_head_200,10,3407,200,70,1599,53.5722155283115,71.80926167914679,0.4279206097126007,0.6077979229390621,loveda/m0/semantic_head_200/10shot_seed3407/semantic-head_10shot_seed3407/summary.json
loveda,m0,semantic_head_2000,1,3407,2000,7,1599,54.20249567184803,71.28148217322666,0.8450978398323059,0.8790864996612072,loveda/m0/semantic_head_2000/1shot_seed3407/semantic-head_1shot_seed3407/summary.json
loveda,m0,semantic_head_2000,2,3407,2000,14,1599,53.5227898536237,70.95346844882687,0.18914878368377686,0.6019256490515545,loveda/m0/semantic_head_2000/2shot_seed3407/semantic-head_2shot_seed3407/summary.json
loveda,m0,semantic_head_2000,5,3407,2000,35,1599,53.97359961652214,71.68004888560347,0.5601844191551208,0.6104744219221174,loveda/m0/semantic_head_2000/5shot_seed3407/semantic-head_5shot_seed3407/summary.json
loveda,m0,semantic_head_2000,10,3407,2000,70,1599,54.18770204417467,71.69213986975798,0.44083333015441895,0.509150505065918,loveda/m0/semantic_head_2000/10shot_seed3407/semantic-head_10shot_seed3407/summary.json
loveda,m1,adapter_200,1,3407,200,7,1599,53.634928095787274,70.5914398756905,0.05559421330690384,0.18594655995839277,loveda/m1/adapter_200/1shot_seed3407/adapter_1shot_seed3407/summary.json
loveda,m1,adapter_200,2,3407,200,14,1599,52.080047488906644,69.41754741147922,0.18453191220760345,0.3043794418583275,loveda/m1/adapter_200/2shot_seed3407/adapter_2shot_seed3407/summary.json
loveda,m1,adapter_200,5,3407,200,35,1599,53.226626396102205,70.41516976523211,0.4378349483013153,0.4504332020878792,loveda/m1/adapter_200/5shot_seed3407/adapter_5shot_seed3407/summary.json
loveda,m1,adapter_200,10,3407,200,70,1599,54.25621418531769,71.03336073259463,0.5452799797058105,0.4318633213639259,loveda/m1/adapter_200/10shot_seed3407/adapter_10shot_seed3407/summary.json
loveda,m1,adapter_2000,1,3407,2000,7,1599,50.97525448091231,69.0930573908669,0.001999452244490385,0.07430819659493863,loveda/m1/adapter_2000/1shot_seed3407/adapter_1shot_seed3407/summary.json
loveda,m1,adapter_2000,2,3407,2000,14,1599,52.26720127302222,69.94891426601329,0.09287276118993759,0.1228652606921969,loveda/m1/adapter_2000/2shot_seed3407/adapter_2shot_seed3407/summary.json
loveda,m1,adapter_2000,5,3407,2000,35,1599,53.552967058359826,70.75989068577985,0.40388303995132446,0.25192857649526557,loveda/m1/adapter_2000/5shot_seed3407/adapter_5shot_seed3407/summary.json
loveda,m1,adapter_2000,10,3407,2000,70,1599,55.928565883440584,72.20465694161659,0.4109554886817932,0.30238107591867447,loveda/m1/adapter_2000/10shot_seed3407/adapter_10shot_seed3407/summary.json
loveda,m1,semantic_head_200,1,3407,200,7,1599,53.56938638387946,71.76213642536496,1.705071210861206,1.1012853096861364,loveda/m1/semantic_head_200/1shot_seed3407/semantic-head_1shot_seed3407/summary.json
loveda,m1,semantic_head_200,2,3407,200,14,1599,53.53088665879765,71.75354842057469,0.3638293147087097,0.7462164303069585,loveda/m1/semantic_head_200/2shot_seed3407/semantic-head_2shot_seed3407/summary.json
loveda,m1,semantic_head_200,5,3407,200,35,1599,53.52394471441081,71.76818145758077,0.8802585005760193,0.821754377707839,loveda/m1/semantic_head_200/5shot_seed3407/semantic-head_5shot_seed3407/summary.json
loveda,m1,semantic_head_200,10,3407,200,70,1599,53.57948399837479,71.81784533058189,0.4277421832084656,0.6129436068236828,loveda/m1/semantic_head_200/10shot_seed3407/semantic-head_10shot_seed3407/summary.json
loveda,m1,semantic_head_2000,1,3407,2000,7,1599,54.206359085800194,71.28569419765171,0.8572419881820679,0.8825306385755539,loveda/m1/semantic_head_2000/1shot_seed3407/semantic-head_1shot_seed3407/summary.json
loveda,m1,semantic_head_2000,2,3407,2000,14,1599,53.52700469345192,70.9598006798549,0.18799948692321777,0.6031089497046196,loveda/m1/semantic_head_2000/2shot_seed3407/semantic-head_2shot_seed3407/summary.json
loveda,m1,semantic_head_2000,5,3407,2000,35,1599,53.977622176781225,71.68366302881198,0.5600532293319702,0.610424590553157,loveda/m1/semantic_head_2000/5shot_seed3407/semantic-head_5shot_seed3407/summary.json
loveda,m1,semantic_head_2000,10,3407,2000,70,1599,54.19091852659478,71.6952353505513,0.4404831528663635,0.5091462448239327,loveda/m1/semantic_head_2000/10shot_seed3407/semantic-head_10shot_seed3407/summary.json
loveda,m2,adapter_200,1,3407,200,7,1599,53.32759017532612,70.44323081826708,0.11848661303520203,0.19172271907664254,loveda/m2/adapter_200/1shot_seed3407/adapter_1shot_seed3407/summary.json
loveda,m2,adapter_200,2,3407,200,14,1599,52.2721318598722,69.8234691480922,0.18716038763523102,0.29876238924480275,loveda/m2/adapter_200/2shot_seed3407/adapter_2shot_seed3407/summary.json
loveda,m2,adapter_200,5,3407,200,35,1599,53.40832911829311,70.72910982810922,0.4257904291152954,0.4364097572863102,loveda/m2/adapter_200/5shot_seed3407/adapter_5shot_seed3407/summary.json
loveda,m2,adapter_200,10,3407,200,70,1599,54.45529283374909,71.48207619589894,0.499429851770401,0.44075455889105797,loveda/m2/adapter_200/10shot_seed3407/adapter_10shot_seed3407/summary.json
loveda,m2,adapter_2000,1,3407,2000,7,1599,50.20119682959837,68.2615575992746,0.001822048332542181,0.07008619596017525,loveda/m2/adapter_2000/1shot_seed3407/adapter_1shot_seed3407/summary.json
loveda,m2,adapter_2000,2,3407,2000,14,1599,52.524297937979355,70.43984415319551,0.09441404789686203,0.12029488615662558,loveda/m2/adapter_2000/2shot_seed3407/adapter_2shot_seed3407/summary.json
loveda,m2,adapter_2000,5,3407,2000,35,1599,53.707031609173086,71.21721009573847,0.3965999484062195,0.25353065427334515,loveda/m2/adapter_2000/5shot_seed3407/adapter_5shot_seed3407/summary.json
loveda,m2,adapter_2000,10,3407,2000,70,1599,56.03661063860034,72.42448451668375,0.40062466263771057,0.3039444088935852,loveda/m2/adapter_2000/10shot_seed3407/adapter_10shot_seed3407/summary.json
loveda,m2,semantic_head_200,1,3407,200,7,1599,53.1727312642432,71.49998338520534,1.952157735824585,1.130745315781678,loveda/m2/semantic_head_200/1shot_seed3407/semantic-head_1shot_seed3407/summary.json
loveda,m2,semantic_head_200,2,3407,200,14,1599,53.16042507126832,71.52096367538057,0.34013813734054565,0.7176291922703968,loveda/m2/semantic_head_200/2shot_seed3407/semantic-head_2shot_seed3407/summary.json
loveda,m2,semantic_head_200,5,3407,200,35,1599,53.16774108049024,71.54390328196166,0.8883615136146545,0.787077021971345,loveda/m2/semantic_head_200/5shot_seed3407/semantic-head_5shot_seed3407/summary.json
loveda,m2,semantic_head_200,10,3407,200,70,1599,53.20858710485648,71.59296504302081,0.39728036522865295,0.6223160356283188,loveda/m2/semantic_head_200/10shot_seed3407/semantic-head_10shot_seed3407/summary.json
loveda,m2,semantic_head_2000,1,3407,2000,7,1599,53.956427122303985,71.21955416290156,0.9243454337120056,0.8769211858510971,loveda/m2/semantic_head_2000/1shot_seed3407/semantic-head_1shot_seed3407/summary.json
loveda,m2,semantic_head_2000,2,3407,2000,14,1599,53.455709956277495,71.06997459568927,0.2166234701871872,0.5774577777658123,loveda/m2/semantic_head_2000/2shot_seed3407/semantic-head_2shot_seed3407/summary.json
loveda,m2,semantic_head_2000,5,3407,2000,35,1599,53.74080652843123,71.66514606320588,0.5363218784332275,0.6248245221562684,loveda/m2/semantic_head_2000/5shot_seed3407/semantic-head_5shot_seed3407/summary.json
loveda,m2,semantic_head_2000,10,3407,2000,70,1599,53.99135476845607,71.69081835054358,0.42705219984054565,0.5021189913153649,loveda/m2/semantic_head_2000/10shot_seed3407/semantic-head_10shot_seed3407/summary.json
loveda,m3,adapter_200,1,3407,200,7,1599,53.30492998833202,70.41056802354606,0.1029617041349411,0.1889094378297159,loveda/m3/adapter_200/1shot_seed3407/adapter_1shot_seed3407/summary.json
loveda,m3,adapter_200,2,3407,200,14,1599,52.257463476147535,69.81198003062022,0.1864723563194275,0.2965123775677057,loveda/m3/adapter_200/2shot_seed3407/adapter_2shot_seed3407/summary.json
loveda,m3,adapter_200,5,3407,200,35,1599,53.437386342181235,70.76051339951535,0.42875322699546814,0.436730132997036,loveda/m3/adapter_200/5shot_seed3407/adapter_5shot_seed3407/summary.json
loveda,m3,adapter_200,10,3407,200,70,1599,54.47183611005973,71.49614256095309,0.5004673004150391,0.4413930535316467,loveda/m3/adapter_200/10shot_seed3407/adapter_10shot_seed3407/summary.json
loveda,m3,adapter_2000,1,3407,2000,7,1599,50.2826536812372,68.33633536516784,0.0020489885937422514,0.07002922819228843,loveda/m3/adapter_2000/1shot_seed3407/adapter_1shot_seed3407/summary.json
loveda,m3,adapter_2000,2,3407,2000,14,1599,52.425475763848574,70.32818096068512,0.09566574543714523,0.12074724471167428,loveda/m3/adapter_2000/2shot_seed3407/adapter_2shot_seed3407/summary.json
loveda,m3,adapter_2000,5,3407,2000,35,1599,53.651047706592834,71.1410421379857,0.39716026186943054,0.2535363462899113,loveda/m3/adapter_2000/5shot_seed3407/adapter_5shot_seed3407/summary.json
loveda,m3,adapter_2000,10,3407,2000,70,1599,56.01839062983333,72.38594794215567,0.40051332116127014,0.3049751590937376,loveda/m3/adapter_2000/10shot_seed3407/adapter_10shot_seed3407/summary.json
loveda,m3,semantic_head_200,1,3407,200,7,1599,53.198835204995945,71.5373427757035,1.8709979057312012,1.0987163626603433,loveda/m3/semantic_head_200/1shot_seed3407/semantic-head_1shot_seed3407/summary.json
loveda,m3,semantic_head_200,2,3407,200,14,1599,53.1901577996332,71.56238008633335,0.3392953872680664,0.7147271860776527,loveda/m3/semantic_head_200/2shot_seed3407/semantic-head_2shot_seed3407/summary.json
loveda,m3,semantic_head_200,5,3407,200,35,1599,53.19777042432422,71.58532214550891,0.9080379009246826,0.7880146615207195,loveda/m3/semantic_head_200/5shot_seed3407/semantic-head_5shot_seed3407/summary.json
loveda,m3,semantic_head_200,10,3407,200,70,1599,53.23784353347046,71.63365119397066,0.3982830047607422,0.6176276095211506,loveda/m3/semantic_head_200/10shot_seed3407/semantic-head_10shot_seed3407/summary.json
loveda,m3,semantic_head_2000,1,3407,2000,7,1599,53.9609320809541,71.232593994541,0.8925082683563232,0.8633617766201496,loveda/m3/semantic_head_2000/1shot_seed3407/semantic-head_1shot_seed3407/summary.json
loveda,m3,semantic_head_2000,2,3407,2000,14,1599,53.48499174084959,71.10725347977399,0.21971069276332855,0.574728667808813,loveda/m3/semantic_head_2000/2shot_seed3407/summary.json
loveda,m3,semantic_head_2000,5,3407,2000,35,1599,53.76887990061564,71.69616396413187,0.5382031202316284,0.6261729900259525,loveda/m3/semantic_head_2000/5shot_seed3407/summary.json
loveda,m3,semantic_head_2000,10,3407,2000,70,1599,54.01783226906011,71.72291717116663,0.4238622784614563,0.5037480026483536,loveda/m3/semantic_head_2000/10shot_seed3407/summary.json
